"method","path","route_file","mounted_from","confidence"
"POST","/api/","C:\Users\debab\Code - Hawkeye\hawkeye-clean\_wt_backend_dev_artifacts_20260223\src\routes\notificationRoutes.js","notificationRoutes","Strong inference from code"
"DELETE","/api/:id","C:\Users\debab\Code - Hawkeye\hawkeye-clean\_wt_backend_dev_artifacts_20260223\src\routes\notificationRoutes.js","notificationRoutes","Strong inference from code"
"PATCH","/api/:id/read","C:\Users\debab\Code - Hawkeye\hawkeye-clean\_wt_backend_dev_artifacts_20260223\src\routes\notificationRoutes.js","notificationRoutes","Strong inference from code"
"PATCH","/api/:id/snooze","C:\Users\debab\Code - Hawkeye\hawkeye-clean\_wt_backend_dev_artifacts_20260223\src\routes\notificationRoutes.js","notificationRoutes","Strong inference from code"
"PATCH","/api/:id/unread","C:\Users\debab\Code - Hawkeye\hawkeye-clean\_wt_backend_dev_artifacts_20260223\src\routes\notificationRoutes.js","notificationRoutes","Strong inference from code"
"GET","/api/admin/approvals","C:\Users\debab\Code - Hawkeye\hawkeye-clean\_wt_backend_dev_artifacts_20260223\src\routes\adminTenantRoutes.js","adminTenantRoutes","Confirmed from code"
"POST","/api/admin/approvals","C:\Users\debab\Code - Hawkeye\hawkeye-clean\_wt_backend_dev_artifacts_20260223\src\routes\adminTenantRoutes.js","adminTenantRoutes","Confirmed from code"
"GET","/api/admin/audit-logs","C:\Users\debab\Code - Hawkeye\hawkeye-clean\_wt_backend_dev_artifacts_20260223\src\routes\adminRoutes.js","adminRoutes","Confirmed from code"
"GET","/api/admin/audit-logs","C:\Users\debab\Code - Hawkeye\hawkeye-clean\_wt_backend_dev_artifacts_20260223\src\routes\adminTenantRoutes.js","adminTenantRoutes","Confirmed from code"
"GET","/api/admin/company","C:\Users\debab\Code - Hawkeye\hawkeye-clean\_wt_backend_dev_artifacts_20260223\src\routes\adminRoutes.js","adminRoutes","Confirmed from code"
"GET","/api/admin/company","C:\Users\debab\Code - Hawkeye\hawkeye-clean\_wt_backend_dev_artifacts_20260223\src\routes\adminTenantRoutes.js","adminTenantRoutes","Confirmed from code"
"PATCH","/api/admin/company","C:\Users\debab\Code - Hawkeye\hawkeye-clean\_wt_backend_dev_artifacts_20260223\src\routes\adminRoutes.js","adminRoutes","Confirmed from code"
"PATCH","/api/admin/company","C:\Users\debab\Code - Hawkeye\hawkeye-clean\_wt_backend_dev_artifacts_20260223\src\routes\adminTenantRoutes.js","adminTenantRoutes","Confirmed from code"
"GET","/api/admin/dashboard/summary","C:\Users\debab\Code - Hawkeye\hawkeye-clean\_wt_backend_dev_artifacts_20260223\src\routes\dashboardRoutes.js","dashboardRoutes","Confirmed from code"
"POST","/api/admin/evidence-findings","C:\Users\debab\Code - Hawkeye\hawkeye-clean\_wt_backend_dev_artifacts_20260223\src\routes\adminRiskRoutes.js","adminRiskRoutes","Confirmed from code"
"GET","/api/admin/evidence-findings/:supplierId","C:\Users\debab\Code - Hawkeye\hawkeye-clean\_wt_backend_dev_artifacts_20260223\src\routes\adminRiskRoutes.js","adminRiskRoutes","Confirmed from code"
"GET","/api/admin/modules","C:\Users\debab\Code - Hawkeye\hawkeye-clean\_wt_backend_dev_artifacts_20260223\src\routes\v2\admin.js","admin","Strong inference from code"
"PATCH","/api/admin/modules","C:\Users\debab\Code - Hawkeye\hawkeye-clean\_wt_backend_dev_artifacts_20260223\src\routes\v2\admin.js","admin","Strong inference from code"
"GET","/api/admin/network-links/:supplierId","C:\Users\debab\Code - Hawkeye\hawkeye-clean\_wt_backend_dev_artifacts_20260223\src\routes\adminRiskRoutes.js","adminRiskRoutes","Confirmed from code"
"POST","/api/admin/network-links/bulk","C:\Users\debab\Code - Hawkeye\hawkeye-clean\_wt_backend_dev_artifacts_20260223\src\routes\adminRiskRoutes.js","adminRiskRoutes","Confirmed from code"
"POST","/api/admin/public-intel/run","C:\Users\debab\Code - Hawkeye\hawkeye-clean\_wt_backend_dev_artifacts_20260223\src\routes\publicIntelRoutes.js","publicIntelRoutes","Confirmed from code"
"POST","/api/admin/public-intel/upload","C:\Users\debab\Code - Hawkeye\hawkeye-clean\_wt_backend_dev_artifacts_20260223\src\routes\publicIntelRoutes.js","publicIntelRoutes","Confirmed from code"
"GET","/api/admin/risk/events/:supplierId","C:\Users\debab\Code - Hawkeye\hawkeye-clean\_wt_backend_dev_artifacts_20260223\src\routes\adminRiskRoutes.js","adminRiskRoutes","Confirmed from code"
"POST","/api/admin/risk/recalculate","C:\Users\debab\Code - Hawkeye\hawkeye-clean\_wt_backend_dev_artifacts_20260223\src\routes\adminRiskRoutes.js","adminRiskRoutes","Confirmed from code"
"POST","/api/admin/risk/recalculate/:supplierId","C:\Users\debab\Code - Hawkeye\hawkeye-clean\_wt_backend_dev_artifacts_20260223\src\routes\adminRiskRoutes.js","adminRiskRoutes","Confirmed from code"
"GET","/api/admin/standards","C:\Users\debab\Code - Hawkeye\hawkeye-clean\_wt_backend_dev_artifacts_20260223\src\routes\v2\admin.js","admin","Strong inference from code"
"GET","/api/admin/suppliers/:supplierId/public-signals","C:\Users\debab\Code - Hawkeye\hawkeye-clean\_wt_backend_dev_artifacts_20260223\src\routes\adminRiskRoutes.js","adminRiskRoutes","Confirmed from code"
"PUT","/api/admin/suppliers/:supplierId/public-signals","C:\Users\debab\Code - Hawkeye\hawkeye-clean\_wt_backend_dev_artifacts_20260223\src\routes\adminRiskRoutes.js","adminRiskRoutes","Confirmed from code"
"GET","/api/admin/suppliers/:supplierId/risk-metrics","C:\Users\debab\Code - Hawkeye\hawkeye-clean\_wt_backend_dev_artifacts_20260223\src\routes\adminRiskRoutes.js","adminRiskRoutes","Confirmed from code"
"PUT","/api/admin/suppliers/:supplierId/risk-metrics","C:\Users\debab\Code - Hawkeye\hawkeye-clean\_wt_backend_dev_artifacts_20260223\src\routes\adminRiskRoutes.js","adminRiskRoutes","Confirmed from code"
"GET","/api/admin/users","C:\Users\debab\Code - Hawkeye\hawkeye-clean\_wt_backend_dev_artifacts_20260223\src\routes\adminRoutes.js","adminRoutes","Confirmed from code"
"GET","/api/admin/users","C:\Users\debab\Code - Hawkeye\hawkeye-clean\_wt_backend_dev_artifacts_20260223\src\routes\adminTenantRoutes.js","adminTenantRoutes","Confirmed from code"
"POST","/api/admin/users/:id/disable","C:\Users\debab\Code - Hawkeye\hawkeye-clean\_wt_backend_dev_artifacts_20260223\src\routes\adminTenantRoutes.js","adminTenantRoutes","Confirmed from code"
"PATCH","/api/admin/users/:userId","C:\Users\debab\Code - Hawkeye\hawkeye-clean\_wt_backend_dev_artifacts_20260223\src\routes\adminRoutes.js","adminRoutes","Confirmed from code"
"POST","/api/admin/users/:userId/disable","C:\Users\debab\Code - Hawkeye\hawkeye-clean\_wt_backend_dev_artifacts_20260223\src\routes\adminRoutes.js","adminRoutes","Confirmed from code"
"POST","/api/admin/users/:userId/enable","C:\Users\debab\Code - Hawkeye\hawkeye-clean\_wt_backend_dev_artifacts_20260223\src\routes\adminRoutes.js","adminRoutes","Confirmed from code"
"POST","/api/admin/users/invite","C:\Users\debab\Code - Hawkeye\hawkeye-clean\_wt_backend_dev_artifacts_20260223\src\routes\adminRoutes.js","adminRoutes","Confirmed from code"
"POST","/api/admin/users/invite","C:\Users\debab\Code - Hawkeye\hawkeye-clean\_wt_backend_dev_artifacts_20260223\src\routes\adminTenantRoutes.js","adminTenantRoutes","Confirmed from code"
"POST","/api/ai-prefill/artifact","C:\Users\debab\Code - Hawkeye\hawkeye-clean\_wt_backend_dev_artifacts_20260223\src\routes\aiPrefillRoutes.js","aiPrefillRoutes","Confirmed from code"
"GET","/api/api-master/letters","C:\Users\debab\Code - Hawkeye\hawkeye-clean\_wt_backend_dev_artifacts_20260223\src\routes\apiMasterRoutes.js","apiMasterRoutes","Confirmed from code"
"GET","/api/api-master/list","C:\Users\debab\Code - Hawkeye\hawkeye-clean\_wt_backend_dev_artifacts_20260223\src\routes\apiMasterRoutes.js","apiMasterRoutes","Confirmed from code"
"POST","/api/api-master/refresh","C:\Users\debab\Code - Hawkeye\hawkeye-clean\_wt_backend_dev_artifacts_20260223\src\routes\apiMasterRoutes.js","apiMasterRoutes","Confirmed from code"
"GET","/api/api-master/search","C:\Users\debab\Code - Hawkeye\hawkeye-clean\_wt_backend_dev_artifacts_20260223\src\routes\apiMasterRoutes.js","apiMasterRoutes","Confirmed from code"
"GET","/api/api-master/status","C:\Users\debab\Code - Hawkeye\hawkeye-clean\_wt_backend_dev_artifacts_20260223\src\routes\apiMasterRoutes.js","apiMasterRoutes","Confirmed from code"
"POST","/api/askhawk/chat","C:\Users\debab\Code - Hawkeye\hawkeye-clean\_wt_backend_dev_artifacts_20260223\src\routes\askHawkRoutes.js","askHawkRoutes","Confirmed from code"
"GET","/api/askhawk/evals","C:\Users\debab\Code - Hawkeye\hawkeye-clean\_wt_backend_dev_artifacts_20260223\src\routes\askHawkRoutes.js","askHawkRoutes","Confirmed from code"
"POST","/api/askhawk/evals/run","C:\Users\debab\Code - Hawkeye\hawkeye-clean\_wt_backend_dev_artifacts_20260223\src\routes\askHawkRoutes.js","askHawkRoutes","Confirmed from code"
"POST","/api/askhawk/ingest","C:\Users\debab\Code - Hawkeye\hawkeye-clean\_wt_backend_dev_artifacts_20260223\src\routes\askHawkRoutes.js","askHawkRoutes","Confirmed from code"
"GET","/api/askhawk/kb/stats","C:\Users\debab\Code - Hawkeye\hawkeye-clean\_wt_backend_dev_artifacts_20260223\src\routes\askHawkRoutes.js","askHawkRoutes","Confirmed from code"
"POST","/api/askhawk/kb/sync","C:\Users\debab\Code - Hawkeye\hawkeye-clean\_wt_backend_dev_artifacts_20260223\src\routes\askHawkRoutes.js","askHawkRoutes","Confirmed from code"
"POST","/api/askhawk/retrieve","C:\Users\debab\Code - Hawkeye\hawkeye-clean\_wt_backend_dev_artifacts_20260223\src\routes\askHawkRoutes.js","askHawkRoutes","Confirmed from code"
"GET","/api/askhawk/telemetry","C:\Users\debab\Code - Hawkeye\hawkeye-clean\_wt_backend_dev_artifacts_20260223\src\routes\askHawkRoutes.js","askHawkRoutes","Confirmed from code"
"GET","/api/askhawk/tools/getAuditSummary","C:\Users\debab\Code - Hawkeye\hawkeye-clean\_wt_backend_dev_artifacts_20260223\src\routes\askHawkRoutes.js","askHawkRoutes","Confirmed from code"
"GET","/api/askhawk/tools/getEvidenceList","C:\Users\debab\Code - Hawkeye\hawkeye-clean\_wt_backend_dev_artifacts_20260223\src\routes\askHawkRoutes.js","askHawkRoutes","Confirmed from code"
"GET","/api/askhawk/tools/getQuestionnaireProgress","C:\Users\debab\Code - Hawkeye\hawkeye-clean\_wt_backend_dev_artifacts_20260223\src\routes\askHawkRoutes.js","askHawkRoutes","Confirmed from code"
"GET","/api/askhawk/tools/getQuestionnaireStatus","C:\Users\debab\Code - Hawkeye\hawkeye-clean\_wt_backend_dev_artifacts_20260223\src\routes\askHawkRoutes.js","askHawkRoutes","Confirmed from code"
"GET","/api/askhawk/tools/getTimelineMilestones","C:\Users\debab\Code - Hawkeye\hawkeye-clean\_wt_backend_dev_artifacts_20260223\src\routes\askHawkRoutes.js","askHawkRoutes","Confirmed from code"
"GET","/api/askhawk/tools/listAuditRequests","C:\Users\debab\Code - Hawkeye\hawkeye-clean\_wt_backend_dev_artifacts_20260223\src\routes\askHawkRoutes.js","askHawkRoutes","Confirmed from code"
"GET","/api/askhawk/tools/listOpenCapas","C:\Users\debab\Code - Hawkeye\hawkeye-clean\_wt_backend_dev_artifacts_20260223\src\routes\askHawkRoutes.js","askHawkRoutes","Confirmed from code"
"GET","/api/askhawk/unanswered","C:\Users\debab\Code - Hawkeye\hawkeye-clean\_wt_backend_dev_artifacts_20260223\src\routes\askHawkRoutes.js","askHawkRoutes","Confirmed from code"
"POST","/api/askhawk/unanswered/convert","C:\Users\debab\Code - Hawkeye\hawkeye-clean\_wt_backend_dev_artifacts_20260223\src\routes\askHawkRoutes.js","askHawkRoutes","Confirmed from code"
"GET","/api/assessments","C:\Users\debab\Code - Hawkeye\hawkeye-clean\_wt_backend_dev_artifacts_20260223\src\routes\v2\assessments.js","assessments","Strong inference from code"
"POST","/api/assessments","C:\Users\debab\Code - Hawkeye\hawkeye-clean\_wt_backend_dev_artifacts_20260223\src\routes\v2\assessments.js","assessments","Strong inference from code"
"GET","/api/assessments/:assessmentId/evidence","C:\Users\debab\Code - Hawkeye\hawkeye-clean\_wt_backend_dev_artifacts_20260223\src\routes\v2\evidence.js","evidence","Strong inference from code"
"GET","/api/assessments/:assessmentId/evidence/:evidenceId/stream","C:\Users\debab\Code - Hawkeye\hawkeye-clean\_wt_backend_dev_artifacts_20260223\src\routes\v2\evidence.js","evidence","Strong inference from code"
"POST","/api/assessments/:assessmentId/evidence/:evidenceId/view-token","C:\Users\debab\Code - Hawkeye\hawkeye-clean\_wt_backend_dev_artifacts_20260223\src\routes\v2\evidence.js","evidence","Strong inference from code"
"GET","/api/assessments/:id","C:\Users\debab\Code - Hawkeye\hawkeye-clean\_wt_backend_dev_artifacts_20260223\src\routes\v2\assessments.js","assessments","Strong inference from code"
"PATCH","/api/assessments/:id/milestones/:mid","C:\Users\debab\Code - Hawkeye\hawkeye-clean\_wt_backend_dev_artifacts_20260223\src\routes\v2\assessments.js","assessments","Strong inference from code"
"PATCH","/api/assessments/:id/phase","C:\Users\debab\Code - Hawkeye\hawkeye-clean\_wt_backend_dev_artifacts_20260223\src\routes\v2\assessments.js","assessments","Strong inference from code"
"POST","/api/assessments/:id/questionnaires/full","C:\Users\debab\Code - Hawkeye\hawkeye-clean\_wt_backend_dev_artifacts_20260223\src\routes\v2\questionnaires.js","questionnaires","Strong inference from code"
"POST","/api/assessments/:id/questionnaires/pre-audit","C:\Users\debab\Code - Hawkeye\hawkeye-clean\_wt_backend_dev_artifacts_20260223\src\routes\v2\questionnaires.js","questionnaires","Strong inference from code"
"GET","/api/assessment-types/","C:\Users\debab\Code - Hawkeye\hawkeye-clean\_wt_backend_dev_artifacts_20260223\src\routes\assessmentTypeRoutes.js","assessmentTypeRoutes","Confirmed from code"
"POST","/api/assessment-types/","C:\Users\debab\Code - Hawkeye\hawkeye-clean\_wt_backend_dev_artifacts_20260223\src\routes\assessmentTypeRoutes.js","assessmentTypeRoutes","Confirmed from code"
"GET","/api/assessment-types/:id","C:\Users\debab\Code - Hawkeye\hawkeye-clean\_wt_backend_dev_artifacts_20260223\src\routes\assessmentTypeRoutes.js","assessmentTypeRoutes","Confirmed from code"
"POST","/api/auditor/audit-question/flag-follow-up","C:\Users\debab\Code - Hawkeye\hawkeye-clean\_wt_backend_dev_artifacts_20260223\src\routes\auditorRoutes.js","auditorRoutes","Confirmed from code"
"PUT","/api/auditor/audit-question/update-data/:auditRequestId","C:\Users\debab\Code - Hawkeye\hawkeye-clean\_wt_backend_dev_artifacts_20260223\src\routes\auditorRoutes.js","auditorRoutes","Confirmed from code"
"GET","/api/auditor/audit-questionsId","C:\Users\debab\Code - Hawkeye\hawkeye-clean\_wt_backend_dev_artifacts_20260223\src\routes\auditorRoutes.js","auditorRoutes","Confirmed from code"
"POST","/api/auditor/audits/:auditId/accept","C:\Users\debab\Code - Hawkeye\hawkeye-clean\_wt_backend_dev_artifacts_20260223\src\routes\auditorRoutes.js","auditorRoutes","Confirmed from code"
"POST","/api/auditor/audits/:auditId/compliance-suggestion","C:\Users\debab\Code - Hawkeye\hawkeye-clean\_wt_backend_dev_artifacts_20260223\src\routes\auditorRoutes.js","auditorRoutes","Confirmed from code"
"POST","/api/auditor/audits/:auditId/reject","C:\Users\debab\Code - Hawkeye\hawkeye-clean\_wt_backend_dev_artifacts_20260223\src\routes\auditorRoutes.js","auditorRoutes","Confirmed from code"
"GET","/api/auditor/audits/:auditId/report","C:\Users\debab\Code - Hawkeye\hawkeye-clean\_wt_backend_dev_artifacts_20260223\src\routes\auditorRoutes.js","auditorRoutes","Confirmed from code"
"POST","/api/auditor/audits/:auditId/report/capas/generate","C:\Users\debab\Code - Hawkeye\hawkeye-clean\_wt_backend_dev_artifacts_20260223\src\routes\auditorRoutes.js","auditorRoutes","Confirmed from code"
"POST","/api/auditor/audits/:auditId/report/draft","C:\Users\debab\Code - Hawkeye\hawkeye-clean\_wt_backend_dev_artifacts_20260223\src\routes\auditorRoutes.js","auditorRoutes","Confirmed from code"
"PATCH","/api/auditor/audits/:auditId/report/observations/:observationId/links","C:\Users\debab\Code - Hawkeye\hawkeye-clean\_wt_backend_dev_artifacts_20260223\src\routes\auditorRoutes.js","auditorRoutes","Confirmed from code"
"POST","/api/auditor/audits/:auditId/report/sign","C:\Users\debab\Code - Hawkeye\hawkeye-clean\_wt_backend_dev_artifacts_20260223\src\routes\auditorRoutes.js","auditorRoutes","Confirmed from code"
"GET","/api/auditor/audits/:auditId/supplier-attachments","C:\Users\debab\Code - Hawkeye\hawkeye-clean\_wt_backend_dev_artifacts_20260223\src\routes\auditorRoutes.js","auditorRoutes","Confirmed from code"
"POST","/api/auditor/auto-fill/:auditRequestId","C:\Users\debab\Code - Hawkeye\hawkeye-clean\_wt_backend_dev_artifacts_20260223\src\routes\auditorRoutes.js","auditorRoutes","Confirmed from code"
"POST","/api/auditor/auto-fill-preview","C:\Users\debab\Code - Hawkeye\hawkeye-clean\_wt_backend_dev_artifacts_20260223\src\routes\auditorRoutes.js","auditorRoutes","Confirmed from code"
"GET","/api/auditor/availability","C:\Users\debab\Code - Hawkeye\hawkeye-clean\_wt_backend_dev_artifacts_20260223\src\routes\auditorRoutes.js","auditorRoutes","Confirmed from code"
"POST","/api/auditor/availability","C:\Users\debab\Code - Hawkeye\hawkeye-clean\_wt_backend_dev_artifacts_20260223\src\routes\auditorRoutes.js","auditorRoutes","Confirmed from code"
"DELETE","/api/auditor/availability/:blockId","C:\Users\debab\Code - Hawkeye\hawkeye-clean\_wt_backend_dev_artifacts_20260223\src\routes\auditorRoutes.js","auditorRoutes","Confirmed from code"
"GET","/api/auditor/compliance/runs","C:\Users\debab\Code - Hawkeye\hawkeye-clean\_wt_backend_dev_artifacts_20260223\src\routes\complianceRunRoutes.js","complianceRunRoutes","Confirmed from code"
"POST","/api/auditor/compliance/runs","C:\Users\debab\Code - Hawkeye\hawkeye-clean\_wt_backend_dev_artifacts_20260223\src\routes\complianceRunRoutes.js","complianceRunRoutes","Confirmed from code"
"GET","/api/auditor/compliance/runs/:runId","C:\Users\debab\Code - Hawkeye\hawkeye-clean\_wt_backend_dev_artifacts_20260223\src\routes\complianceRunRoutes.js","complianceRunRoutes","Confirmed from code"
"POST","/api/auditor/compliance/runs/:runId/finalize","C:\Users\debab\Code - Hawkeye\hawkeye-clean\_wt_backend_dev_artifacts_20260223\src\routes\complianceRunRoutes.js","complianceRunRoutes","Confirmed from code"
"GET","/api/auditor/compliance/runs/:runId/questions","C:\Users\debab\Code - Hawkeye\hawkeye-clean\_wt_backend_dev_artifacts_20260223\src\routes\complianceRunRoutes.js","complianceRunRoutes","Confirmed from code"
"PATCH","/api/auditor/compliance/runs/:runId/questions/:questionId/verdict","C:\Users\debab\Code - Hawkeye\hawkeye-clean\_wt_backend_dev_artifacts_20260223\src\routes\complianceRunRoutes.js","complianceRunRoutes","Confirmed from code"
"POST","/api/auditor/compliance/runs/:runId/recompute","C:\Users\debab\Code - Hawkeye\hawkeye-clean\_wt_backend_dev_artifacts_20260223\src\routes\complianceRunRoutes.js","complianceRunRoutes","Confirmed from code"
"POST","/api/auditor/create-draft-questions","C:\Users\debab\Code - Hawkeye\hawkeye-clean\_wt_backend_dev_artifacts_20260223\src\routes\auditorRoutes.js","auditorRoutes","Confirmed from code"
"GET","/api/auditor/dashboard/summary","C:\Users\debab\Code - Hawkeye\hawkeye-clean\_wt_backend_dev_artifacts_20260223\src\routes\dashboardRoutes.js","dashboardRoutes","Confirmed from code"
"POST","/api/auditor/profile/create","C:\Users\debab\Code - Hawkeye\hawkeye-clean\_wt_backend_dev_artifacts_20260223\src\routes\auditorRoutes.js","auditorRoutes","Confirmed from code"
"PUT","/api/auditor/profile/update","C:\Users\debab\Code - Hawkeye\hawkeye-clean\_wt_backend_dev_artifacts_20260223\src\routes\auditorRoutes.js","auditorRoutes","Confirmed from code"
"POST","/api/auditor/report-preview","C:\Users\debab\Code - Hawkeye\hawkeye-clean\_wt_backend_dev_artifacts_20260223\src\routes\auditorRoutes.js","auditorRoutes","Confirmed from code"
"POST","/api/auditor/test-artifacts/execution-rag-preview","C:\Users\debab\Code - Hawkeye\hawkeye-clean\_wt_backend_dev_artifacts_20260223\src\routes\auditorRoutes.js","auditorRoutes","Confirmed from code"
"GET","/api/auditor/test-artifacts/options","C:\Users\debab\Code - Hawkeye\hawkeye-clean\_wt_backend_dev_artifacts_20260223\src\routes\auditorRoutes.js","auditorRoutes","Confirmed from code"
"POST","/api/auditor/test-artifacts/prefill","C:\Users\debab\Code - Hawkeye\hawkeye-clean\_wt_backend_dev_artifacts_20260223\src\routes\auditorRoutes.js","auditorRoutes","Confirmed from code"
"POST","/api/auditor/test-artifacts/report-preview","C:\Users\debab\Code - Hawkeye\hawkeye-clean\_wt_backend_dev_artifacts_20260223\src\routes\auditorRoutes.js","auditorRoutes","Confirmed from code"
"GET","/api/auditor/test-artifacts/report-templates","C:\Users\debab\Code - Hawkeye\hawkeye-clean\_wt_backend_dev_artifacts_20260223\src\routes\auditorRoutes.js","auditorRoutes","Confirmed from code"
"POST","/api/auditors/affiliations/:id/accept","C:\Users\debab\Code - Hawkeye\hawkeye-clean\_wt_backend_dev_artifacts_20260223\src\routes\auditorNetworkRoutes.js","auditorNetworkRoutes","Confirmed from code"
"GET","/api/auditors/search","C:\Users\debab\Code - Hawkeye\hawkeye-clean\_wt_backend_dev_artifacts_20260223\src\routes\auditorNetworkRoutes.js","auditorNetworkRoutes","Confirmed from code"
"POST","/api/audit-requests/:id/archive","C:\Users\debab\Code - Hawkeye\hawkeye-clean\_wt_backend_dev_artifacts_20260223\src\routes\auditRequestRoutes.js","auditRequestRoutes","Confirmed from code"
"POST","/api/audit-requests/:id/assign-auditors","C:\Users\debab\Code - Hawkeye\hawkeye-clean\_wt_backend_dev_artifacts_20260223\src\routes\auditRequestRoutes.js","auditRequestRoutes","Confirmed from code"
"POST","/api/audit-requests/:id/supplier-decision","C:\Users\debab\Code - Hawkeye\hawkeye-clean\_wt_backend_dev_artifacts_20260223\src\routes\auditRequestRoutes.js","auditRequestRoutes","Confirmed from code"
"GET","/api/audit-requests/auditor","C:\Users\debab\Code - Hawkeye\hawkeye-clean\_wt_backend_dev_artifacts_20260223\src\routes\auditRequestRoutes.js","auditRequestRoutes","Confirmed from code"
"GET","/api/audit-requests/auditor/my","C:\Users\debab\Code - Hawkeye\hawkeye-clean\_wt_backend_dev_artifacts_20260223\src\routes\auditRequestRoutes.js","auditRequestRoutes","Confirmed from code"
"GET","/api/audit-requests/buyer","C:\Users\debab\Code - Hawkeye\hawkeye-clean\_wt_backend_dev_artifacts_20260223\src\routes\auditRequestRoutes.js","auditRequestRoutes","Confirmed from code"
"GET","/api/audit-requests/get-pastaudit","C:\Users\debab\Code - Hawkeye\hawkeye-clean\_wt_backend_dev_artifacts_20260223\src\routes\auditRequestRoutes.js","auditRequestRoutes","Confirmed from code"
"GET","/api/audit-requests/requestSingleAudit","C:\Users\debab\Code - Hawkeye\hawkeye-clean\_wt_backend_dev_artifacts_20260223\src\routes\auditRequestRoutes.js","auditRequestRoutes","Confirmed from code"
"GET","/api/audit-requests/supplier","C:\Users\debab\Code - Hawkeye\hawkeye-clean\_wt_backend_dev_artifacts_20260223\src\routes\auditRequestRoutes.js","auditRequestRoutes","Confirmed from code"
"GET","/api/audit-requests/upload/status","C:\Users\debab\Code - Hawkeye\hawkeye-clean\_wt_backend_dev_artifacts_20260223\src\routes\auditRequestRoutes.js","auditRequestRoutes","Confirmed from code"
"POST","/api/audit-requests/upload-pastaudit","C:\Users\debab\Code - Hawkeye\hawkeye-clean\_wt_backend_dev_artifacts_20260223\src\routes\auditRequestRoutes.js","auditRequestRoutes","Confirmed from code"
"GET","/api/audits/:auditId/artifacts","C:\Users\debab\Code - Hawkeye\hawkeye-clean\_wt_backend_dev_artifacts_20260223\src\routes\auditPhaseRoutes.js","auditPhaseRoutes","Confirmed from code"
"POST","/api/audits/:auditId/artifacts","C:\Users\debab\Code - Hawkeye\hawkeye-clean\_wt_backend_dev_artifacts_20260223\src\routes\auditPhaseRoutes.js","auditPhaseRoutes","Confirmed from code"
"DELETE","/api/audits/:auditId/artifacts/:artifactId","C:\Users\debab\Code - Hawkeye\hawkeye-clean\_wt_backend_dev_artifacts_20260223\src\routes\auditPhaseRoutes.js","auditPhaseRoutes","Confirmed from code"
"GET","/api/audits/:auditId/artifacts/:artifactId","C:\Users\debab\Code - Hawkeye\hawkeye-clean\_wt_backend_dev_artifacts_20260223\src\routes\auditPhaseRoutes.js","auditPhaseRoutes","Confirmed from code"
"POST","/api/audits/:auditId/artifacts/:artifactId/send","C:\Users\debab\Code - Hawkeye\hawkeye-clean\_wt_backend_dev_artifacts_20260223\src\routes\auditPhaseRoutes.js","auditPhaseRoutes","Confirmed from code"
"POST","/api/audits/:auditId/artifacts/:artifactId/submit","C:\Users\debab\Code - Hawkeye\hawkeye-clean\_wt_backend_dev_artifacts_20260223\src\routes\auditPhaseRoutes.js","auditPhaseRoutes","Confirmed from code"
"GET","/api/audits/:auditId/audit-events","C:\Users\debab\Code - Hawkeye\hawkeye-clean\_wt_backend_dev_artifacts_20260223\src\routes\auditEventRoutes.js","auditEventRoutes","Confirmed from code"
"GET","/api/audits/:auditId/audit-trail","C:\Users\debab\Code - Hawkeye\hawkeye-clean\_wt_backend_dev_artifacts_20260223\src\routes\auditTrailRoutes.js","auditTrailRoutes","Confirmed from code"
"POST","/api/audits/:auditId/audit-trail","C:\Users\debab\Code - Hawkeye\hawkeye-clean\_wt_backend_dev_artifacts_20260223\src\routes\auditTrailRoutes.js","auditTrailRoutes","Confirmed from code"
"GET","/api/audits/:auditId/department-assignments","C:\Users\debab\Code - Hawkeye\hawkeye-clean\_wt_backend_dev_artifacts_20260223\src\routes\questionnaireAssignmentRoutes.js","questionnaireAssignmentRoutes","Confirmed from code"
"POST","/api/audits/:auditId/department-assignments","C:\Users\debab\Code - Hawkeye\hawkeye-clean\_wt_backend_dev_artifacts_20260223\src\routes\questionnaireAssignmentRoutes.js","questionnaireAssignmentRoutes","Confirmed from code"
"POST","/api/audits/:auditId/department-assignments/submit","C:\Users\debab\Code - Hawkeye\hawkeye-clean\_wt_backend_dev_artifacts_20260223\src\routes\questionnaireAssignmentRoutes.js","questionnaireAssignmentRoutes","Confirmed from code"
"GET","/api/audits/:auditId/evidence","C:\Users\debab\Code - Hawkeye\hawkeye-clean\_wt_backend_dev_artifacts_20260223\src\routes\evidenceRoutes.js","evidenceRoutes","Confirmed from code"
"POST","/api/audits/:auditId/evidence","C:\Users\debab\Code - Hawkeye\hawkeye-clean\_wt_backend_dev_artifacts_20260223\src\routes\evidenceRoutes.js","evidenceRoutes","Confirmed from code"
"PATCH","/api/audits/:auditId/evidence/:evidenceId/links","C:\Users\debab\Code - Hawkeye\hawkeye-clean\_wt_backend_dev_artifacts_20260223\src\routes\evidenceRoutes.js","evidenceRoutes","Confirmed from code"
"POST","/api/audits/:auditId/evidence/:evidenceId/view-token","C:\Users\debab\Code - Hawkeye\hawkeye-clean\_wt_backend_dev_artifacts_20260223\src\routes\evidenceRoutes.js","evidenceRoutes","Confirmed from code"
"GET","/api/audits/:auditId/notes","C:\Users\debab\Code - Hawkeye\hawkeye-clean\_wt_backend_dev_artifacts_20260223\src\routes\auditNoteRoutes.js","auditNoteRoutes","Confirmed from code"
"POST","/api/audits/:auditId/notes","C:\Users\debab\Code - Hawkeye\hawkeye-clean\_wt_backend_dev_artifacts_20260223\src\routes\auditNoteRoutes.js","auditNoteRoutes","Confirmed from code"
"GET","/api/audits/:auditId/phases","C:\Users\debab\Code - Hawkeye\hawkeye-clean\_wt_backend_dev_artifacts_20260223\src\routes\auditPhaseRoutes.js","auditPhaseRoutes","Confirmed from code"
"POST","/api/audits/:auditId/phases/transition","C:\Users\debab\Code - Hawkeye\hawkeye-clean\_wt_backend_dev_artifacts_20260223\src\routes\auditPhaseRoutes.js","auditPhaseRoutes","Confirmed from code"
"POST","/api/audits/:auditId/phases/transition","C:\Users\debab\Code - Hawkeye\hawkeye-clean\_wt_backend_dev_artifacts_20260223\src\routes\trackingRoutes.js","trackingRoutes","Confirmed from code"
"GET","/api/audits/:auditId/planning/agenda","C:\Users\debab\Code - Hawkeye\hawkeye-clean\_wt_backend_dev_artifacts_20260223\src\routes\preAuditRoutes.js","preAuditRoutes","Confirmed from code"
"POST","/api/audits/:auditId/planning/agenda","C:\Users\debab\Code - Hawkeye\hawkeye-clean\_wt_backend_dev_artifacts_20260223\src\routes\preAuditRoutes.js","preAuditRoutes","Confirmed from code"
"POST","/api/audits/:auditId/prep/complete","C:\Users\debab\Code - Hawkeye\hawkeye-clean\_wt_backend_dev_artifacts_20260223\src\routes\auditPhaseRoutes.js","auditPhaseRoutes","Confirmed from code"
"GET","/api/audits/:auditId/prep/plan","C:\Users\debab\Code - Hawkeye\hawkeye-clean\_wt_backend_dev_artifacts_20260223\src\routes\preAuditRoutes.js","preAuditRoutes","Confirmed from code"
"POST","/api/audits/:auditId/prep/plan","C:\Users\debab\Code - Hawkeye\hawkeye-clean\_wt_backend_dev_artifacts_20260223\src\routes\preAuditRoutes.js","preAuditRoutes","Confirmed from code"
"GET","/api/audits/:auditId/prep/questionnaire","C:\Users\debab\Code - Hawkeye\hawkeye-clean\_wt_backend_dev_artifacts_20260223\src\routes\preAuditRoutes.js","preAuditRoutes","Confirmed from code"
"POST","/api/audits/:auditId/prep/questionnaire","C:\Users\debab\Code - Hawkeye\hawkeye-clean\_wt_backend_dev_artifacts_20260223\src\routes\preAuditRoutes.js","preAuditRoutes","Confirmed from code"
"POST","/api/audits/:auditId/prep/start","C:\Users\debab\Code - Hawkeye\hawkeye-clean\_wt_backend_dev_artifacts_20260223\src\routes\auditPhaseRoutes.js","auditPhaseRoutes","Confirmed from code"
"GET","/api/audits/:auditId/remote-sessions","C:\Users\debab\Code - Hawkeye\hawkeye-clean\_wt_backend_dev_artifacts_20260223\src\routes\remoteAuditRoutes.js","remoteAuditRoutes","Confirmed from code"
"POST","/api/audits/:auditId/remote-sessions","C:\Users\debab\Code - Hawkeye\hawkeye-clean\_wt_backend_dev_artifacts_20260223\src\routes\remoteAuditRoutes.js","remoteAuditRoutes","Confirmed from code"
"PATCH","/api/audits/:auditId/remote-sessions/:sessionId","C:\Users\debab\Code - Hawkeye\hawkeye-clean\_wt_backend_dev_artifacts_20260223\src\routes\remoteAuditRoutes.js","remoteAuditRoutes","Confirmed from code"
"GET","/api/audits/:auditId/schedule","C:\Users\debab\Code - Hawkeye\hawkeye-clean\_wt_backend_dev_artifacts_20260223\src\routes\auditScheduleRoutes.js","auditScheduleRoutes","Confirmed from code"
"PUT","/api/audits/:auditId/schedule","C:\Users\debab\Code - Hawkeye\hawkeye-clean\_wt_backend_dev_artifacts_20260223\src\routes\auditScheduleRoutes.js","auditScheduleRoutes","Confirmed from code"
"GET","/api/audits/:auditId/schedule/availability","C:\Users\debab\Code - Hawkeye\hawkeye-clean\_wt_backend_dev_artifacts_20260223\src\routes\auditScheduleRoutes.js","auditScheduleRoutes","Confirmed from code"
"POST","/api/audits/:auditId/schedule/availability","C:\Users\debab\Code - Hawkeye\hawkeye-clean\_wt_backend_dev_artifacts_20260223\src\routes\auditScheduleRoutes.js","auditScheduleRoutes","Confirmed from code"
"DELETE","/api/audits/:auditId/schedule/availability/:blockId","C:\Users\debab\Code - Hawkeye\hawkeye-clean\_wt_backend_dev_artifacts_20260223\src\routes\auditScheduleRoutes.js","auditScheduleRoutes","Confirmed from code"
"POST","/api/audits/:auditId/schedule/confirm","C:\Users\debab\Code - Hawkeye\hawkeye-clean\_wt_backend_dev_artifacts_20260223\src\routes\auditScheduleRoutes.js","auditScheduleRoutes","Confirmed from code"
"POST","/api/audits/:auditId/schedule/init","C:\Users\debab\Code - Hawkeye\hawkeye-clean\_wt_backend_dev_artifacts_20260223\src\routes\auditScheduleRoutes.js","auditScheduleRoutes","Confirmed from code"
"POST","/api/audits/:auditId/schedule/messages","C:\Users\debab\Code - Hawkeye\hawkeye-clean\_wt_backend_dev_artifacts_20260223\src\routes\auditScheduleRoutes.js","auditScheduleRoutes","Confirmed from code"
"POST","/api/audits/:auditId/schedule/reschedule","C:\Users\debab\Code - Hawkeye\hawkeye-clean\_wt_backend_dev_artifacts_20260223\src\routes\auditScheduleRoutes.js","auditScheduleRoutes","Confirmed from code"
"POST","/api/audits/:auditId/schedule/slots/:slotId/accept","C:\Users\debab\Code - Hawkeye\hawkeye-clean\_wt_backend_dev_artifacts_20260223\src\routes\auditScheduleRoutes.js","auditScheduleRoutes","Confirmed from code"
"DELETE","/api/audits/:auditId/schedule/slots/:slotId/block","C:\Users\debab\Code - Hawkeye\hawkeye-clean\_wt_backend_dev_artifacts_20260223\src\routes\auditScheduleRoutes.js","auditScheduleRoutes","Confirmed from code"
"POST","/api/audits/:auditId/schedule/slots/:slotId/hold","C:\Users\debab\Code - Hawkeye\hawkeye-clean\_wt_backend_dev_artifacts_20260223\src\routes\auditScheduleRoutes.js","auditScheduleRoutes","Confirmed from code"
"POST","/api/audits/:auditId/schedule/slots/:slotId/propose","C:\Users\debab\Code - Hawkeye\hawkeye-clean\_wt_backend_dev_artifacts_20260223\src\routes\auditScheduleRoutes.js","auditScheduleRoutes","Confirmed from code"
"POST","/api/audits/:auditId/schedule/slots/block","C:\Users\debab\Code - Hawkeye\hawkeye-clean\_wt_backend_dev_artifacts_20260223\src\routes\auditScheduleRoutes.js","auditScheduleRoutes","Confirmed from code"
"GET","/api/audits/:auditId/schedule/suggestions","C:\Users\debab\Code - Hawkeye\hawkeye-clean\_wt_backend_dev_artifacts_20260223\src\routes\auditScheduleRoutes.js","auditScheduleRoutes","Confirmed from code"
"GET","/api/audits/:auditId/schedule/timeline","C:\Users\debab\Code - Hawkeye\hawkeye-clean\_wt_backend_dev_artifacts_20260223\src\routes\auditScheduleRoutes.js","auditScheduleRoutes","Confirmed from code"
"POST","/api/audits/:auditId/statuses/update","C:\Users\debab\Code - Hawkeye\hawkeye-clean\_wt_backend_dev_artifacts_20260223\src\routes\trackingRoutes.js","trackingRoutes","Confirmed from code"
"GET","/api/audits/:auditId/tracking","C:\Users\debab\Code - Hawkeye\hawkeye-clean\_wt_backend_dev_artifacts_20260223\src\routes\trackingRoutes.js","trackingRoutes","Confirmed from code"
"POST","/api/audits/:auditRequestId/report-instances","C:\Users\debab\Code - Hawkeye\hawkeye-clean\_wt_backend_dev_artifacts_20260223\src\routes\reportInstanceRoutes.js","reportInstanceRoutes","Confirmed from code"
"GET","/api/audits/phase-options","C:\Users\debab\Code - Hawkeye\hawkeye-clean\_wt_backend_dev_artifacts_20260223\src\routes\auditPhaseRoutes.js","auditPhaseRoutes","Confirmed from code"
"POST","/api/auth/auditor-register-and-create-profile","C:\Users\debab\Code - Hawkeye\hawkeye-clean\_wt_backend_dev_artifacts_20260223\src\routes\authRoutes.js","authRoutes","Confirmed from code"
"POST","/api/auth/buyer-register-and-create-profile","C:\Users\debab\Code - Hawkeye\hawkeye-clean\_wt_backend_dev_artifacts_20260223\src\routes\authRoutes.js","authRoutes","Confirmed from code"
"POST","/api/auth/change-password","C:\Users\debab\Code - Hawkeye\hawkeye-clean\_wt_backend_dev_artifacts_20260223\src\routes\authRoutes.js","authRoutes","Confirmed from code"
"POST","/api/auth/forgot-password","C:\Users\debab\Code - Hawkeye\hawkeye-clean\_wt_backend_dev_artifacts_20260223\src\routes\authRoutes.js","authRoutes","Confirmed from code"
"POST","/api/auth/login","C:\Users\debab\Code - Hawkeye\hawkeye-clean\_wt_backend_dev_artifacts_20260223\src\routes\authRoutes.js","authRoutes","Confirmed from code"
"POST","/api/auth/register","C:\Users\debab\Code - Hawkeye\hawkeye-clean\_wt_backend_dev_artifacts_20260223\src\routes\authRoutes.js","authRoutes","Confirmed from code"
"POST","/api/auth/register-archive-evidence","C:\Users\debab\Code - Hawkeye\hawkeye-clean\_wt_backend_dev_artifacts_20260223\src\routes\authRoutes.js","authRoutes","Confirmed from code"
"POST","/api/auth/register-prefill","C:\Users\debab\Code - Hawkeye\hawkeye-clean\_wt_backend_dev_artifacts_20260223\src\routes\authRoutes.js","authRoutes","Confirmed from code"
"POST","/api/auth/register-prefill-agentic","C:\Users\debab\Code - Hawkeye\hawkeye-clean\_wt_backend_dev_artifacts_20260223\src\routes\authRoutes.js","authRoutes","Confirmed from code"
"POST","/api/auth/resend-verification-email","C:\Users\debab\Code - Hawkeye\hawkeye-clean\_wt_backend_dev_artifacts_20260223\src\routes\authRoutes.js","authRoutes","Confirmed from code"
"POST","/api/auth/reset-password","C:\Users\debab\Code - Hawkeye\hawkeye-clean\_wt_backend_dev_artifacts_20260223\src\routes\authRoutes.js","authRoutes","Confirmed from code"
"POST","/api/auth/supplier-register-and-create-profile","C:\Users\debab\Code - Hawkeye\hawkeye-clean\_wt_backend_dev_artifacts_20260223\src\routes\authRoutes.js","authRoutes","Confirmed from code"
"POST","/api/auth/supplier-user","C:\Users\debab\Code - Hawkeye\hawkeye-clean\_wt_backend_dev_artifacts_20260223\src\routes\authRoutes.js","authRoutes","Confirmed from code"
"GET","/api/auth/verify-email","C:\Users\debab\Code - Hawkeye\hawkeye-clean\_wt_backend_dev_artifacts_20260223\src\routes\authRoutes.js","authRoutes","Confirmed from code"
"GET","/api/buyer/all-products","C:\Users\debab\Code - Hawkeye\hawkeye-clean\_wt_backend_dev_artifacts_20260223\src\routes\buyerRoutes.js","buyerRoutes","Confirmed from code"
"GET","/api/buyer/auditors","C:\Users\debab\Code - Hawkeye\hawkeye-clean\_wt_backend_dev_artifacts_20260223\src\routes\buyerRoutes.js","buyerRoutes","Confirmed from code"
"POST","/api/buyer/auditors/invite","C:\Users\debab\Code - Hawkeye\hawkeye-clean\_wt_backend_dev_artifacts_20260223\src\routes\buyerRoutes.js","buyerRoutes","Confirmed from code"
"POST","/api/buyer/audit-request","C:\Users\debab\Code - Hawkeye\hawkeye-clean\_wt_backend_dev_artifacts_20260223\src\routes\buyerRoutes.js","buyerRoutes","Confirmed from code"
"GET","/api/buyer/dashboard/summary","C:\Users\debab\Code - Hawkeye\hawkeye-clean\_wt_backend_dev_artifacts_20260223\src\routes\dashboardRoutes.js","dashboardRoutes","Confirmed from code"
"POST","/api/buyer/marketplace/invite","C:\Users\debab\Code - Hawkeye\hawkeye-clean\_wt_backend_dev_artifacts_20260223\src\routes\buyerRoutes.js","buyerRoutes","Confirmed from code"
"GET","/api/buyer/marketplace/suppliers","C:\Users\debab\Code - Hawkeye\hawkeye-clean\_wt_backend_dev_artifacts_20260223\src\routes\buyerRoutes.js","buyerRoutes","Confirmed from code"
"GET","/api/buyer/marketplace/suppliers/:id/sites","C:\Users\debab\Code - Hawkeye\hawkeye-clean\_wt_backend_dev_artifacts_20260223\src\routes\buyerRoutes.js","buyerRoutes","Confirmed from code"
"GET","/api/buyer/products/:id/suppliers","C:\Users\debab\Code - Hawkeye\hawkeye-clean\_wt_backend_dev_artifacts_20260223\src\routes\buyerRoutes.js","buyerRoutes","Confirmed from code"
"GET","/api/buyer/products-by-supplier","C:\Users\debab\Code - Hawkeye\hawkeye-clean\_wt_backend_dev_artifacts_20260223\src\routes\buyerRoutes.js","buyerRoutes","Confirmed from code"
"POST","/api/buyer/profile/create","C:\Users\debab\Code - Hawkeye\hawkeye-clean\_wt_backend_dev_artifacts_20260223\src\routes\buyerRoutes.js","buyerRoutes","Confirmed from code"
"PUT","/api/buyer/profile/update","C:\Users\debab\Code - Hawkeye\hawkeye-clean\_wt_backend_dev_artifacts_20260223\src\routes\buyerRoutes.js","buyerRoutes","Confirmed from code"
"GET","/api/buyer/risk-profiles","C:\Users\debab\Code - Hawkeye\hawkeye-clean\_wt_backend_dev_artifacts_20260223\src\routes\buyerRiskRoutes.js","buyerRiskRoutes","Confirmed from code"
"POST","/api/buyer/risk-profiles","C:\Users\debab\Code - Hawkeye\hawkeye-clean\_wt_backend_dev_artifacts_20260223\src\routes\buyerRiskRoutes.js","buyerRiskRoutes","Confirmed from code"
"PUT","/api/buyer/risk-profiles/:id","C:\Users\debab\Code - Hawkeye\hawkeye-clean\_wt_backend_dev_artifacts_20260223\src\routes\buyerRiskRoutes.js","buyerRiskRoutes","Confirmed from code"
"GET","/api/buyer/site-products/:id","C:\Users\debab\Code - Hawkeye\hawkeye-clean\_wt_backend_dev_artifacts_20260223\src\routes\buyerRoutes.js","buyerRoutes","Confirmed from code"
"GET","/api/buyer/sites","C:\Users\debab\Code - Hawkeye\hawkeye-clean\_wt_backend_dev_artifacts_20260223\src\routes\buyerRoutes.js","buyerRoutes","Confirmed from code"
"GET","/api/buyer/sites-by-supplier","C:\Users\debab\Code - Hawkeye\hawkeye-clean\_wt_backend_dev_artifacts_20260223\src\routes\buyerRoutes.js","buyerRoutes","Confirmed from code"
"GET","/api/buyer/suppliers","C:\Users\debab\Code - Hawkeye\hawkeye-clean\_wt_backend_dev_artifacts_20260223\src\routes\buyerRoutes.js","buyerRoutes","Confirmed from code"
"GET","/api/buyer/suppliers/:id","C:\Users\debab\Code - Hawkeye\hawkeye-clean\_wt_backend_dev_artifacts_20260223\src\routes\buyerRoutes.js","buyerRoutes","Confirmed from code"
"GET","/api/buyer/suppliers/:supplierId/risk","C:\Users\debab\Code - Hawkeye\hawkeye-clean\_wt_backend_dev_artifacts_20260223\src\routes\buyerRiskRoutes.js","buyerRiskRoutes","Confirmed from code"
"GET","/api/buyer/suppliers/risk-summary","C:\Users\debab\Code - Hawkeye\hawkeye-clean\_wt_backend_dev_artifacts_20260223\src\routes\buyerRiskRoutes.js","buyerRiskRoutes","Confirmed from code"
"GET","/api/buyer/suppliers-profile","C:\Users\debab\Code - Hawkeye\hawkeye-clean\_wt_backend_dev_artifacts_20260223\src\routes\buyerRoutes.js","buyerRoutes","Confirmed from code"
"PUT","/api/buyer/update-audit-request/:id","C:\Users\debab\Code - Hawkeye\hawkeye-clean\_wt_backend_dev_artifacts_20260223\src\routes\buyerRoutes.js","buyerRoutes","Confirmed from code"
"GET","/api/calendar/me","C:\Users\debab\Code - Hawkeye\hawkeye-clean\_wt_backend_dev_artifacts_20260223\src\routes\userCalendarRoutes.js","userCalendarRoutes","Confirmed from code"
"POST","/api/calendar/me/availability","C:\Users\debab\Code - Hawkeye\hawkeye-clean\_wt_backend_dev_artifacts_20260223\src\routes\userCalendarRoutes.js","userCalendarRoutes","Confirmed from code"
"DELETE","/api/calendar/me/availability/:blockId","C:\Users\debab\Code - Hawkeye\hawkeye-clean\_wt_backend_dev_artifacts_20260223\src\routes\userCalendarRoutes.js","userCalendarRoutes","Confirmed from code"
"GET","/api/capas","C:\Users\debab\Code - Hawkeye\hawkeye-clean\_wt_backend_dev_artifacts_20260223\src\routes\v2\capas.js","capas","Strong inference from code"
"POST","/api/capas","C:\Users\debab\Code - Hawkeye\hawkeye-clean\_wt_backend_dev_artifacts_20260223\src\routes\v2\capas.js","capas","Strong inference from code"
"GET","/api/capas/","C:\Users\debab\Code - Hawkeye\hawkeye-clean\_wt_backend_dev_artifacts_20260223\src\routes\capaRoutes.js","capaRoutes","Confirmed from code"
"POST","/api/capas/","C:\Users\debab\Code - Hawkeye\hawkeye-clean\_wt_backend_dev_artifacts_20260223\src\routes\capaRoutes.js","capaRoutes","Confirmed from code"
"GET","/api/capas/:id","C:\Users\debab\Code - Hawkeye\hawkeye-clean\_wt_backend_dev_artifacts_20260223\src\routes\capaRoutes.js","capaRoutes","Confirmed from code"
"POST","/api/capas/:id/actions","C:\Users\debab\Code - Hawkeye\hawkeye-clean\_wt_backend_dev_artifacts_20260223\src\routes\capaRoutes.js","capaRoutes","Confirmed from code"
"PATCH","/api/capas/:id/links","C:\Users\debab\Code - Hawkeye\hawkeye-clean\_wt_backend_dev_artifacts_20260223\src\routes\capaRoutes.js","capaRoutes","Confirmed from code"
"PATCH","/api/capas/:id/status","C:\Users\debab\Code - Hawkeye\hawkeye-clean\_wt_backend_dev_artifacts_20260223\src\routes\capaRoutes.js","capaRoutes","Confirmed from code"
"GET","/api/compliance/standards/","C:\Users\debab\Code - Hawkeye\hawkeye-clean\_wt_backend_dev_artifacts_20260223\src\routes\complianceStandardsRoutes.js","complianceStandardsRoutes","Confirmed from code"
"POST","/api/compliance/standards/","C:\Users\debab\Code - Hawkeye\hawkeye-clean\_wt_backend_dev_artifacts_20260223\src\routes\complianceStandardsRoutes.js","complianceStandardsRoutes","Confirmed from code"
"GET","/api/compliance/standards/:standardKey/:version","C:\Users\debab\Code - Hawkeye\hawkeye-clean\_wt_backend_dev_artifacts_20260223\src\routes\complianceStandardsRoutes.js","complianceStandardsRoutes","Confirmed from code"
"PUT","/api/compliance/standards/:standardKey/:version","C:\Users\debab\Code - Hawkeye\hawkeye-clean\_wt_backend_dev_artifacts_20260223\src\routes\complianceStandardsRoutes.js","complianceStandardsRoutes","Confirmed from code"
"POST","/api/compliance/standards/:standardKey/:version/guidelines/reindex","C:\Users\debab\Code - Hawkeye\hawkeye-clean\_wt_backend_dev_artifacts_20260223\src\routes\complianceStandardsRoutes.js","complianceStandardsRoutes","Confirmed from code"
"GET","/api/compliance/standards/:standardKey/:version/guidelines/status","C:\Users\debab\Code - Hawkeye\hawkeye-clean\_wt_backend_dev_artifacts_20260223\src\routes\complianceStandardsRoutes.js","complianceStandardsRoutes","Confirmed from code"
"POST","/api/compliance/standards/:standardKey/:version/guidelines/upload","C:\Users\debab\Code - Hawkeye\hawkeye-clean\_wt_backend_dev_artifacts_20260223\src\routes\complianceStandardsRoutes.js","complianceStandardsRoutes","Confirmed from code"
"POST","/api/compliance/standards/bootstrap/defaults","C:\Users\debab\Code - Hawkeye\hawkeye-clean\_wt_backend_dev_artifacts_20260223\src\routes\complianceStandardsRoutes.js","complianceStandardsRoutes","Confirmed from code"
"POST","/api/create","C:\Users\debab\Code - Hawkeye\hawkeye-clean\_wt_backend_dev_artifacts_20260223\src\routes\supplierUserProfileRoutes.js","supplierUserProfileRoutes","Strong inference from code"
"POST","/api/dashboard/drilldown","C:\Users\debab\Code - Hawkeye\hawkeye-clean\_wt_backend_dev_artifacts_20260223\src\routes\dashboardRoutes.js","dashboardRoutes","Confirmed from code"
"POST","/api/dev/reset","C:\Users\debab\Code - Hawkeye\hawkeye-clean\_wt_backend_dev_artifacts_20260223\src\routes\devRoutes.js","devRoutes","Confirmed from code"
"POST","/api/dev/seed","C:\Users\debab\Code - Hawkeye\hawkeye-clean\_wt_backend_dev_artifacts_20260223\src\routes\devRoutes.js","devRoutes","Confirmed from code"
"POST","/api/dev-seed","C:\Users\debab\Code - Hawkeye\hawkeye-clean\_wt_backend_dev_artifacts_20260223\src\routes\devRoutes.js","devRoutes","Confirmed from code"
"GET","/api/digilocker/audits/:auditId/evidence-checklist","C:\Users\debab\Code - Hawkeye\hawkeye-clean\_wt_backend_dev_artifacts_20260223\src\routes\digilockerRoutes.js","digilockerRoutes","Confirmed from code"
"POST","/api/digilocker/audits/:auditId/evidence-pack","C:\Users\debab\Code - Hawkeye\hawkeye-clean\_wt_backend_dev_artifacts_20260223\src\routes\digilockerRoutes.js","digilockerRoutes","Confirmed from code"
"GET","/api/digilocker/documents","C:\Users\debab\Code - Hawkeye\hawkeye-clean\_wt_backend_dev_artifacts_20260223\src\routes\digilockerRoutes.js","digilockerRoutes","Confirmed from code"
"POST","/api/digilocker/documents","C:\Users\debab\Code - Hawkeye\hawkeye-clean\_wt_backend_dev_artifacts_20260223\src\routes\digilockerRoutes.js","digilockerRoutes","Confirmed from code"
"POST","/api/digilocker/documents/:documentId/upload","C:\Users\debab\Code - Hawkeye\hawkeye-clean\_wt_backend_dev_artifacts_20260223\src\routes\digilockerRoutes.js","digilockerRoutes","Confirmed from code"
"GET","/api/digilocker/documents/:id","C:\Users\debab\Code - Hawkeye\hawkeye-clean\_wt_backend_dev_artifacts_20260223\src\routes\digilockerRoutes.js","digilockerRoutes","Confirmed from code"
"PATCH","/api/digilocker/documents/:id","C:\Users\debab\Code - Hawkeye\hawkeye-clean\_wt_backend_dev_artifacts_20260223\src\routes\digilockerRoutes.js","digilockerRoutes","Confirmed from code"
"POST","/api/digilocker/documents/:id/suggest-questions","C:\Users\debab\Code - Hawkeye\hawkeye-clean\_wt_backend_dev_artifacts_20260223\src\routes\digilockerRoutes.js","digilockerRoutes","Confirmed from code"
"POST","/api/digilocker/documents/:id/tags/apply","C:\Users\debab\Code - Hawkeye\hawkeye-clean\_wt_backend_dev_artifacts_20260223\src\routes\digilockerRoutes.js","digilockerRoutes","Confirmed from code"
"POST","/api/digilocker/documents/:id/tags/suggest","C:\Users\debab\Code - Hawkeye\hawkeye-clean\_wt_backend_dev_artifacts_20260223\src\routes\digilockerRoutes.js","digilockerRoutes","Confirmed from code"
"GET","/api/digilocker/jobs/:jobId","C:\Users\debab\Code - Hawkeye\hawkeye-clean\_wt_backend_dev_artifacts_20260223\src\routes\digilockerRoutes.js","digilockerRoutes","Confirmed from code"
"POST","/api/digilocker/questions/:questionId/attach","C:\Users\debab\Code - Hawkeye\hawkeye-clean\_wt_backend_dev_artifacts_20260223\src\routes\digilockerRoutes.js","digilockerRoutes","Confirmed from code"
"GET","/api/digilocker/questions/:questionId/attachments","C:\Users\debab\Code - Hawkeye\hawkeye-clean\_wt_backend_dev_artifacts_20260223\src\routes\digilockerRoutes.js","digilockerRoutes","Confirmed from code"
"POST","/api/digilocker/questions/:questionId/suggest-evidence","C:\Users\debab\Code - Hawkeye\hawkeye-clean\_wt_backend_dev_artifacts_20260223\src\routes\digilockerRoutes.js","digilockerRoutes","Confirmed from code"
"POST","/api/digilocker/upload","C:\Users\debab\Code - Hawkeye\hawkeye-clean\_wt_backend_dev_artifacts_20260223\src\routes\digilockerRoutes.js","digilockerRoutes","Confirmed from code"
"GET","/api/documents","C:\Users\debab\Code - Hawkeye\hawkeye-clean\_wt_backend_dev_artifacts_20260223\src\routes\documentDisclosureRoutes.js","documentDisclosureRoutes","Confirmed from code"
"POST","/api/documents","C:\Users\debab\Code - Hawkeye\hawkeye-clean\_wt_backend_dev_artifacts_20260223\src\routes\documentDisclosureRoutes.js","documentDisclosureRoutes","Confirmed from code"
"POST","/api/documents/:id/redaction/draft","C:\Users\debab\Code - Hawkeye\hawkeye-clean\_wt_backend_dev_artifacts_20260223\src\routes\documentDisclosureRoutes.js","documentDisclosureRoutes","Confirmed from code"
"POST","/api/documents/:id/redaction/generate","C:\Users\debab\Code - Hawkeye\hawkeye-clean\_wt_backend_dev_artifacts_20260223\src\routes\documentDisclosureRoutes.js","documentDisclosureRoutes","Confirmed from code"
"GET","/api/documents/:id/views","C:\Users\debab\Code - Hawkeye\hawkeye-clean\_wt_backend_dev_artifacts_20260223\src\routes\documentDisclosureRoutes.js","documentDisclosureRoutes","Confirmed from code"
"GET","/api/documentViews/:id/auditLog","C:\Users\debab\Code - Hawkeye\hawkeye-clean\_wt_backend_dev_artifacts_20260223\src\routes\documentDisclosureRoutes.js","documentDisclosureRoutes","Confirmed from code"
"POST","/api/documentViews/:id/sharePolicies","C:\Users\debab\Code - Hawkeye\hawkeye-clean\_wt_backend_dev_artifacts_20260223\src\routes\documentDisclosureRoutes.js","documentDisclosureRoutes","Confirmed from code"
"POST","/api/e2e/seed-sai","C:\Users\debab\Code - Hawkeye\hawkeye-clean\_wt_backend_dev_artifacts_20260223\src\routes\e2eSeedRoutes.js","e2eSeedRoutes","Confirmed from code"
"POST","/api/evidence/:id/revoke-token","C:\Users\debab\Code - Hawkeye\hawkeye-clean\_wt_backend_dev_artifacts_20260223\src\routes\evidenceRoutes.js","evidenceRoutes","Confirmed from code"
"GET","/api/evidence/:id/stream","C:\Users\debab\Code - Hawkeye\hawkeye-clean\_wt_backend_dev_artifacts_20260223\src\routes\evidenceRoutes.js","evidenceRoutes","Confirmed from code"
"POST","/api/evidence/ingest","C:\Users\debab\Code - Hawkeye\hawkeye-clean\_wt_backend_dev_artifacts_20260223\src\routes\docIntelRoutes.js","docIntelRoutes","Confirmed from code"
"POST","/api/evidence/upload","C:\Users\debab\Code - Hawkeye\hawkeye-clean\_wt_backend_dev_artifacts_20260223\src\routes\v2\evidence.js","evidence","Strong inference from code"
"GET","/api/fda/citations","C:\Users\debab\Code - Hawkeye\hawkeye-clean\_wt_backend_dev_artifacts_20260223\src\routes\fdaRoutes.js","fdaRoutes","Confirmed from code"
"GET","/api/fda/dashboard","C:\Users\debab\Code - Hawkeye\hawkeye-clean\_wt_backend_dev_artifacts_20260223\src\routes\fdaRoutes.js","fdaRoutes","Confirmed from code"
"GET","/api/fda/forms483","C:\Users\debab\Code - Hawkeye\hawkeye-clean\_wt_backend_dev_artifacts_20260223\src\routes\fdaRoutes.js","fdaRoutes","Confirmed from code"
"GET","/api/fda/inspections","C:\Users\debab\Code - Hawkeye\hawkeye-clean\_wt_backend_dev_artifacts_20260223\src\routes\fdaRoutes.js","fdaRoutes","Confirmed from code"
"POST","/api/fda/rebuild-snapshot","C:\Users\debab\Code - Hawkeye\hawkeye-clean\_wt_backend_dev_artifacts_20260223\src\routes\fdaRoutes.js","fdaRoutes","Confirmed from code"
"POST","/api/fda/update","C:\Users\debab\Code - Hawkeye\hawkeye-clean\_wt_backend_dev_artifacts_20260223\src\routes\fdaRoutes.js","fdaRoutes","Confirmed from code"
"GET","/api/findings","C:\Users\debab\Code - Hawkeye\hawkeye-clean\_wt_backend_dev_artifacts_20260223\src\routes\v2\findings.js","findings","Strong inference from code"
"POST","/api/findings","C:\Users\debab\Code - Hawkeye\hawkeye-clean\_wt_backend_dev_artifacts_20260223\src\routes\v2\findings.js","findings","Strong inference from code"
"GET","/api/form-layouts/","C:\Users\debab\Code - Hawkeye\hawkeye-clean\_wt_backend_dev_artifacts_20260223\src\routes\formLayoutRoutes.js","formLayoutRoutes","Confirmed from code"
"POST","/api/form-layouts/","C:\Users\debab\Code - Hawkeye\hawkeye-clean\_wt_backend_dev_artifacts_20260223\src\routes\formLayoutRoutes.js","formLayoutRoutes","Confirmed from code"
"GET","/api/getdata","C:\Users\debab\Code - Hawkeye\hawkeye-clean\_wt_backend_dev_artifacts_20260223\src\routes\notificationRoutes.js","notificationRoutes","Strong inference from code"
"GET","/api/integrations/buyers","C:\Users\debab\Code - Hawkeye\hawkeye-clean\_wt_backend_dev_artifacts_20260223\src\routes\integrationRoutes.js","integrationRoutes","Confirmed from code"
"GET","/api/integrations/connections","C:\Users\debab\Code - Hawkeye\hawkeye-clean\_wt_backend_dev_artifacts_20260223\src\routes\integrationRoutes.js","integrationRoutes","Confirmed from code"
"POST","/api/integrations/connections","C:\Users\debab\Code - Hawkeye\hawkeye-clean\_wt_backend_dev_artifacts_20260223\src\routes\integrationRoutes.js","integrationRoutes","Confirmed from code"
"GET","/api/integrations/connections/:id","C:\Users\debab\Code - Hawkeye\hawkeye-clean\_wt_backend_dev_artifacts_20260223\src\routes\integrationRoutes.js","integrationRoutes","Confirmed from code"
"PUT","/api/integrations/connections/:id","C:\Users\debab\Code - Hawkeye\hawkeye-clean\_wt_backend_dev_artifacts_20260223\src\routes\integrationRoutes.js","integrationRoutes","Confirmed from code"
"POST","/api/integrations/connections/:id/activate","C:\Users\debab\Code - Hawkeye\hawkeye-clean\_wt_backend_dev_artifacts_20260223\src\routes\integrationRoutes.js","integrationRoutes","Confirmed from code"
"POST","/api/integrations/connections/:id/csv","C:\Users\debab\Code - Hawkeye\hawkeye-clean\_wt_backend_dev_artifacts_20260223\src\routes\integrationRoutes.js","integrationRoutes","Confirmed from code"
"POST","/api/integrations/connections/:id/demo/generate","C:\Users\debab\Code - Hawkeye\hawkeye-clean\_wt_backend_dev_artifacts_20260223\src\routes\integrationRoutes.js","integrationRoutes","Confirmed from code"
"POST","/api/integrations/connections/:id/documents","C:\Users\debab\Code - Hawkeye\hawkeye-clean\_wt_backend_dev_artifacts_20260223\src\routes\integrationRoutes.js","integrationRoutes","Confirmed from code"
"GET","/api/integrations/connections/:id/mappings","C:\Users\debab\Code - Hawkeye\hawkeye-clean\_wt_backend_dev_artifacts_20260223\src\routes\integrationRoutes.js","integrationRoutes","Confirmed from code"
"POST","/api/integrations/connections/:id/mappings","C:\Users\debab\Code - Hawkeye\hawkeye-clean\_wt_backend_dev_artifacts_20260223\src\routes\integrationRoutes.js","integrationRoutes","Confirmed from code"
"POST","/api/integrations/connections/:id/pause","C:\Users\debab\Code - Hawkeye\hawkeye-clean\_wt_backend_dev_artifacts_20260223\src\routes\integrationRoutes.js","integrationRoutes","Confirmed from code"
"POST","/api/integrations/connections/:id/run","C:\Users\debab\Code - Hawkeye\hawkeye-clean\_wt_backend_dev_artifacts_20260223\src\routes\integrationRoutes.js","integrationRoutes","Confirmed from code"
"GET","/api/integrations/connections/:id/runs","C:\Users\debab\Code - Hawkeye\hawkeye-clean\_wt_backend_dev_artifacts_20260223\src\routes\integrationRoutes.js","integrationRoutes","Confirmed from code"
"POST","/api/integrations/connections/:id/test","C:\Users\debab\Code - Hawkeye\hawkeye-clean\_wt_backend_dev_artifacts_20260223\src\routes\integrationRoutes.js","integrationRoutes","Confirmed from code"
"GET","/api/integrations/events","C:\Users\debab\Code - Hawkeye\hawkeye-clean\_wt_backend_dev_artifacts_20260223\src\routes\integrationRoutes.js","integrationRoutes","Confirmed from code"
"GET","/api/integrations/metrics","C:\Users\debab\Code - Hawkeye\hawkeye-clean\_wt_backend_dev_artifacts_20260223\src\routes\integrationRoutes.js","integrationRoutes","Confirmed from code"
"GET","/api/integrations/providers","C:\Users\debab\Code - Hawkeye\hawkeye-clean\_wt_backend_dev_artifacts_20260223\src\routes\integrationRoutes.js","integrationRoutes","Confirmed from code"
"POST","/api/integrations/webhook/:connectionId","C:\Users\debab\Code - Hawkeye\hawkeye-clean\_wt_backend_dev_artifacts_20260223\src\routes\integrationRoutes.js","integrationRoutes","Confirmed from code"
"GET","/api/integrations/workspace/solo","C:\Users\debab\Code - Hawkeye\hawkeye-clean\_wt_backend_dev_artifacts_20260223\src\routes\integrationRoutes.js","integrationRoutes","Confirmed from code"
"PATCH","/api/mark-all-read","C:\Users\debab\Code - Hawkeye\hawkeye-clean\_wt_backend_dev_artifacts_20260223\src\routes\notificationRoutes.js","notificationRoutes","Strong inference from code"
"GET","/api/modules/active","C:\Users\debab\Code - Hawkeye\hawkeye-clean\_wt_backend_dev_artifacts_20260223\src\routes\v2\admin.js","admin","Strong inference from code"
"GET","/api/monitoring/signals","C:\Users\debab\Code - Hawkeye\hawkeye-clean\_wt_backend_dev_artifacts_20260223\src\routes\monitoringRoutes.js","monitoringRoutes","Confirmed from code"
"POST","/api/monitoring/signals","C:\Users\debab\Code - Hawkeye\hawkeye-clean\_wt_backend_dev_artifacts_20260223\src\routes\monitoringRoutes.js","monitoringRoutes","Confirmed from code"
"GET","/api/onboarding/vendor-registration","C:\Users\debab\Code - Hawkeye\hawkeye-clean\_wt_backend_dev_artifacts_20260223\src\routes\vendorRegistrationRoutes.js","vendorRegistrationRoutes","Confirmed from code"
"POST","/api/onboarding/vendor-registration","C:\Users\debab\Code - Hawkeye\hawkeye-clean\_wt_backend_dev_artifacts_20260223\src\routes\vendorRegistrationRoutes.js","vendorRegistrationRoutes","Confirmed from code"
"GET","/api/onboarding/wizard/playbook","C:\Users\debab\Code - Hawkeye\hawkeye-clean\_wt_backend_dev_artifacts_20260223\src\routes\vendorRegistrationRoutes.js","vendorRegistrationRoutes","Confirmed from code"
"PATCH","/api/onboarding/wizard/state","C:\Users\debab\Code - Hawkeye\hawkeye-clean\_wt_backend_dev_artifacts_20260223\src\routes\vendorRegistrationRoutes.js","vendorRegistrationRoutes","Confirmed from code"
"GET","/api/org/:orgId/auditors","C:\Users\debab\Code - Hawkeye\hawkeye-clean\_wt_backend_dev_artifacts_20260223\src\routes\auditorNetworkRoutes.js","auditorNetworkRoutes","Confirmed from code"
"POST","/api/org/:orgId/auditors/affiliations/:id/revoke","C:\Users\debab\Code - Hawkeye\hawkeye-clean\_wt_backend_dev_artifacts_20260223\src\routes\auditorNetworkRoutes.js","auditorNetworkRoutes","Confirmed from code"
"POST","/api/org/:orgId/auditors/external/invite","C:\Users\debab\Code - Hawkeye\hawkeye-clean\_wt_backend_dev_artifacts_20260223\src\routes\auditorNetworkRoutes.js","auditorNetworkRoutes","Confirmed from code"
"POST","/api/org/:orgId/auditors/internal/invite","C:\Users\debab\Code - Hawkeye\hawkeye-clean\_wt_backend_dev_artifacts_20260223\src\routes\auditorNetworkRoutes.js","auditorNetworkRoutes","Confirmed from code"
"GET","/api/platform/platform/approvals","C:\Users\debab\Code - Hawkeye\hawkeye-clean\_wt_backend_dev_artifacts_20260223\src\routes\platformRoutes.js","platformRoutes","Confirmed from code"
"POST","/api/platform/platform/approvals/:id/approve","C:\Users\debab\Code - Hawkeye\hawkeye-clean\_wt_backend_dev_artifacts_20260223\src\routes\platformRoutes.js","platformRoutes","Confirmed from code"
"POST","/api/platform/platform/approvals/:id/reject","C:\Users\debab\Code - Hawkeye\hawkeye-clean\_wt_backend_dev_artifacts_20260223\src\routes\platformRoutes.js","platformRoutes","Confirmed from code"
"GET","/api/platform/platform/audit-logs","C:\Users\debab\Code - Hawkeye\hawkeye-clean\_wt_backend_dev_artifacts_20260223\src\routes\platformRoutes.js","platformRoutes","Confirmed from code"
"GET","/api/platform/platform/tenants","C:\Users\debab\Code - Hawkeye\hawkeye-clean\_wt_backend_dev_artifacts_20260223\src\routes\platformRoutes.js","platformRoutes","Confirmed from code"
"POST","/api/platform/platform/tenants","C:\Users\debab\Code - Hawkeye\hawkeye-clean\_wt_backend_dev_artifacts_20260223\src\routes\platformRoutes.js","platformRoutes","Confirmed from code"
"GET","/api/platform/platform/tenants/:id","C:\Users\debab\Code - Hawkeye\hawkeye-clean\_wt_backend_dev_artifacts_20260223\src\routes\platformRoutes.js","platformRoutes","Confirmed from code"
"PATCH","/api/platform/platform/tenants/:id","C:\Users\debab\Code - Hawkeye\hawkeye-clean\_wt_backend_dev_artifacts_20260223\src\routes\platformRoutes.js","platformRoutes","Confirmed from code"
"POST","/api/platform/platform/tenants/:id/owners","C:\Users\debab\Code - Hawkeye\hawkeye-clean\_wt_backend_dev_artifacts_20260223\src\routes\platformRoutes.js","platformRoutes","Confirmed from code"
"POST","/api/platform/platform/tenants/:id/subscription","C:\Users\debab\Code - Hawkeye\hawkeye-clean\_wt_backend_dev_artifacts_20260223\src\routes\platformRoutes.js","platformRoutes","Confirmed from code"
"POST","/api/platform/platform/tenants/:id/suspend","C:\Users\debab\Code - Hawkeye\hawkeye-clean\_wt_backend_dev_artifacts_20260223\src\routes\platformRoutes.js","platformRoutes","Confirmed from code"
"GET","/api/platform/platform/users","C:\Users\debab\Code - Hawkeye\hawkeye-clean\_wt_backend_dev_artifacts_20260223\src\routes\platformRoutes.js","platformRoutes","Confirmed from code"
"POST","/api/platform/platform/users/:id/disable","C:\Users\debab\Code - Hawkeye\hawkeye-clean\_wt_backend_dev_artifacts_20260223\src\routes\platformRoutes.js","platformRoutes","Confirmed from code"
"POST","/api/product-site-mappings/upsert","C:\Users\debab\Code - Hawkeye\hawkeye-clean\_wt_backend_dev_artifacts_20260223\src\routes\productSiteMappingRoutes.js","productSiteMappingRoutes","Confirmed from code"
"GET","/api/profile/","C:\Users\debab\Code - Hawkeye\hawkeye-clean\_wt_backend_dev_artifacts_20260223\src\routes\supplierProfileRoutes.js","supplierProfileRoutes","Confirmed from code"
"POST","/api/profile/auto-fill","C:\Users\debab\Code - Hawkeye\hawkeye-clean\_wt_backend_dev_artifacts_20260223\src\routes\supplierProfileRoutes.js","supplierProfileRoutes","Confirmed from code"
"POST","/api/profile/supplier/create","C:\Users\debab\Code - Hawkeye\hawkeye-clean\_wt_backend_dev_artifacts_20260223\src\routes\supplierProfileRoutes.js","supplierProfileRoutes","Confirmed from code"
"PUT","/api/profile/supplier/update","C:\Users\debab\Code - Hawkeye\hawkeye-clean\_wt_backend_dev_artifacts_20260223\src\routes\supplierProfileRoutes.js","supplierProfileRoutes","Confirmed from code"
"GET","/api/profile/supplier/users","C:\Users\debab\Code - Hawkeye\hawkeye-clean\_wt_backend_dev_artifacts_20260223\src\routes\supplierProfileRoutes.js","supplierProfileRoutes","Confirmed from code"
"GET","/api/public-intel/actions","C:\Users\debab\Code - Hawkeye\hawkeye-clean\_wt_backend_dev_artifacts_20260223\src\routes\publicIntelRoutes.js","publicIntelRoutes","Confirmed from code"
"GET","/api/public-intel/apis","C:\Users\debab\Code - Hawkeye\hawkeye-clean\_wt_backend_dev_artifacts_20260223\src\routes\publicIntelRoutes.js","publicIntelRoutes","Confirmed from code"
"GET","/api/public-intel/apis/:id","C:\Users\debab\Code - Hawkeye\hawkeye-clean\_wt_backend_dev_artifacts_20260223\src\routes\publicIntelRoutes.js","publicIntelRoutes","Confirmed from code"
"POST","/api/public-intel/claim-requests","C:\Users\debab\Code - Hawkeye\hawkeye-clean\_wt_backend_dev_artifacts_20260223\src\routes\publicIntelRoutes.js","publicIntelRoutes","Confirmed from code"
"GET","/api/public-intel/inspections","C:\Users\debab\Code - Hawkeye\hawkeye-clean\_wt_backend_dev_artifacts_20260223\src\routes\publicIntelRoutes.js","publicIntelRoutes","Confirmed from code"
"GET","/api/public-intel/suppliers","C:\Users\debab\Code - Hawkeye\hawkeye-clean\_wt_backend_dev_artifacts_20260223\src\routes\publicIntelRoutes.js","publicIntelRoutes","Confirmed from code"
"GET","/api/public-intel/suppliers/:id","C:\Users\debab\Code - Hawkeye\hawkeye-clean\_wt_backend_dev_artifacts_20260223\src\routes\publicIntelRoutes.js","publicIntelRoutes","Confirmed from code"
"GET","/api/questionnaires","C:\Users\debab\Code - Hawkeye\hawkeye-clean\_wt_backend_dev_artifacts_20260223\src\routes\v2\questionnaires.js","questionnaires","Strong inference from code"
"GET","/api/questionnaires/:qid","C:\Users\debab\Code - Hawkeye\hawkeye-clean\_wt_backend_dev_artifacts_20260223\src\routes\v2\questionnaires.js","questionnaires","Strong inference from code"
"POST","/api/questionnaires/:qid/respond","C:\Users\debab\Code - Hawkeye\hawkeye-clean\_wt_backend_dev_artifacts_20260223\src\routes\v2\questionnaires.js","questionnaires","Strong inference from code"
"POST","/api/questionnaires/:qid/review","C:\Users\debab\Code - Hawkeye\hawkeye-clean\_wt_backend_dev_artifacts_20260223\src\routes\v2\questionnaires.js","questionnaires","Strong inference from code"
"GET","/api/questionnaires/jobs/:id","C:\Users\debab\Code - Hawkeye\hawkeye-clean\_wt_backend_dev_artifacts_20260223\src\routes\questionnaireUploadRoutes.js","questionnaireUploadRoutes","Confirmed from code"
"POST","/api/questionnaires/jobs/:id/publish","C:\Users\debab\Code - Hawkeye\hawkeye-clean\_wt_backend_dev_artifacts_20260223\src\routes\questionnaireUploadRoutes.js","questionnaireUploadRoutes","Confirmed from code"
"GET","/api/questionnaires/jobs/:id/source","C:\Users\debab\Code - Hawkeye\hawkeye-clean\_wt_backend_dev_artifacts_20260223\src\routes\questionnaireUploadRoutes.js","questionnaireUploadRoutes","Confirmed from code"
"POST","/api/questionnaires/upload","C:\Users\debab\Code - Hawkeye\hawkeye-clean\_wt_backend_dev_artifacts_20260223\src\routes\questionnaireUploadRoutes.js","questionnaireUploadRoutes","Confirmed from code"
"GET","/api/report-instances/:id","C:\Users\debab\Code - Hawkeye\hawkeye-clean\_wt_backend_dev_artifacts_20260223\src\routes\reportInstanceRoutes.js","reportInstanceRoutes","Confirmed from code"
"PUT","/api/report-instances/:id","C:\Users\debab\Code - Hawkeye\hawkeye-clean\_wt_backend_dev_artifacts_20260223\src\routes\reportInstanceRoutes.js","reportInstanceRoutes","Confirmed from code"
"POST","/api/report-instances/:id/export-pdf","C:\Users\debab\Code - Hawkeye\hawkeye-clean\_wt_backend_dev_artifacts_20260223\src\routes\reportInstanceRoutes.js","reportInstanceRoutes","Confirmed from code"
"GET","/api/report-templates/","C:\Users\debab\Code - Hawkeye\hawkeye-clean\_wt_backend_dev_artifacts_20260223\src\routes\reportTemplateRoutes.js","reportTemplateRoutes","Confirmed from code"
"POST","/api/report-templates/","C:\Users\debab\Code - Hawkeye\hawkeye-clean\_wt_backend_dev_artifacts_20260223\src\routes\reportTemplateRoutes.js","reportTemplateRoutes","Confirmed from code"
"GET","/api/report-templates/:id","C:\Users\debab\Code - Hawkeye\hawkeye-clean\_wt_backend_dev_artifacts_20260223\src\routes\reportTemplateRoutes.js","reportTemplateRoutes","Confirmed from code"
"PUT","/api/report-templates/:id","C:\Users\debab\Code - Hawkeye\hawkeye-clean\_wt_backend_dev_artifacts_20260223\src\routes\reportTemplateRoutes.js","reportTemplateRoutes","Confirmed from code"
"GET","/api/rfqs/","C:\Users\debab\Code - Hawkeye\hawkeye-clean\_wt_backend_dev_artifacts_20260223\src\routes\rfqRoutes.js","rfqRoutes","Confirmed from code"
"POST","/api/rfqs/","C:\Users\debab\Code - Hawkeye\hawkeye-clean\_wt_backend_dev_artifacts_20260223\src\routes\rfqRoutes.js","rfqRoutes","Confirmed from code"
"GET","/api/rfqs/:id","C:\Users\debab\Code - Hawkeye\hawkeye-clean\_wt_backend_dev_artifacts_20260223\src\routes\rfqRoutes.js","rfqRoutes","Confirmed from code"
"PUT","/api/rfqs/:id","C:\Users\debab\Code - Hawkeye\hawkeye-clean\_wt_backend_dev_artifacts_20260223\src\routes\rfqRoutes.js","rfqRoutes","Confirmed from code"
"POST","/api/rfqs/:id/award","C:\Users\debab\Code - Hawkeye\hawkeye-clean\_wt_backend_dev_artifacts_20260223\src\routes\rfqRoutes.js","rfqRoutes","Confirmed from code"
"POST","/api/rfqs/:id/invite","C:\Users\debab\Code - Hawkeye\hawkeye-clean\_wt_backend_dev_artifacts_20260223\src\routes\rfqRoutes.js","rfqRoutes","Confirmed from code"
"POST","/api/rfqs/:id/publish","C:\Users\debab\Code - Hawkeye\hawkeye-clean\_wt_backend_dev_artifacts_20260223\src\routes\rfqRoutes.js","rfqRoutes","Confirmed from code"
"GET","/api/rfqs/:id/quotes","C:\Users\debab\Code - Hawkeye\hawkeye-clean\_wt_backend_dev_artifacts_20260223\src\routes\rfqRoutes.js","rfqRoutes","Confirmed from code"
"POST","/api/rfqs/:id/quotes","C:\Users\debab\Code - Hawkeye\hawkeye-clean\_wt_backend_dev_artifacts_20260223\src\routes\rfqRoutes.js","rfqRoutes","Confirmed from code"
"PUT","/api/rfqs/:id/quotes/:quoteId","C:\Users\debab\Code - Hawkeye\hawkeye-clean\_wt_backend_dev_artifacts_20260223\src\routes\rfqRoutes.js","rfqRoutes","Confirmed from code"
"GET","/api/rfqs/:id/thread","C:\Users\debab\Code - Hawkeye\hawkeye-clean\_wt_backend_dev_artifacts_20260223\src\routes\rfqRoutes.js","rfqRoutes","Confirmed from code"
"POST","/api/rfqs/:id/thread/message","C:\Users\debab\Code - Hawkeye\hawkeye-clean\_wt_backend_dev_artifacts_20260223\src\routes\rfqRoutes.js","rfqRoutes","Confirmed from code"
"POST","/api/saq/coverage","C:\Users\debab\Code - Hawkeye\hawkeye-clean\_wt_backend_dev_artifacts_20260223\src\routes\docIntelRoutes.js","docIntelRoutes","Confirmed from code"
"GET","/api/status-definitions/","C:\Users\debab\Code - Hawkeye\hawkeye-clean\_wt_backend_dev_artifacts_20260223\src\routes\statusDefinitionRoutes.js","statusDefinitionRoutes","Confirmed from code"
"POST","/api/status-definitions/","C:\Users\debab\Code - Hawkeye\hawkeye-clean\_wt_backend_dev_artifacts_20260223\src\routes\statusDefinitionRoutes.js","statusDefinitionRoutes","Confirmed from code"
"PUT","/api/status-definitions/:id","C:\Users\debab\Code - Hawkeye\hawkeye-clean\_wt_backend_dev_artifacts_20260223\src\routes\statusDefinitionRoutes.js","statusDefinitionRoutes","Confirmed from code"
"POST","/api/status-definitions/:id/:action(activate|deactivate)","C:\Users\debab\Code - Hawkeye\hawkeye-clean\_wt_backend_dev_artifacts_20260223\src\routes\statusDefinitionRoutes.js","statusDefinitionRoutes","Confirmed from code"
"GET","/api/supplier/dashboard/summary","C:\Users\debab\Code - Hawkeye\hawkeye-clean\_wt_backend_dev_artifacts_20260223\src\routes\dashboardRoutes.js","dashboardRoutes","Confirmed from code"
"GET","/api/supplier/me/risk","C:\Users\debab\Code - Hawkeye\hawkeye-clean\_wt_backend_dev_artifacts_20260223\src\routes\supplierRiskRoutes.js","supplierRiskRoutes","Confirmed from code"
"GET","/api/supplier-products/","C:\Users\debab\Code - Hawkeye\hawkeye-clean\_wt_backend_dev_artifacts_20260223\src\routes\supplierProductRoutes.js","supplierProductRoutes","Confirmed from code"
"POST","/api/supplier-products/","C:\Users\debab\Code - Hawkeye\hawkeye-clean\_wt_backend_dev_artifacts_20260223\src\routes\supplierProductRoutes.js","supplierProductRoutes","Confirmed from code"
"POST","/api/supplier-products/add-product","C:\Users\debab\Code - Hawkeye\hawkeye-clean\_wt_backend_dev_artifacts_20260223\src\routes\supplierProductRoutes.js","supplierProductRoutes","Confirmed from code"
"POST","/api/supplier-products/add-products","C:\Users\debab\Code - Hawkeye\hawkeye-clean\_wt_backend_dev_artifacts_20260223\src\routes\supplierProductRoutes.js","supplierProductRoutes","Confirmed from code"
"DELETE","/api/supplier-products/delete-product/:id","C:\Users\debab\Code - Hawkeye\hawkeye-clean\_wt_backend_dev_artifacts_20260223\src\routes\supplierProductRoutes.js","supplierProductRoutes","Confirmed from code"
"GET","/api/supplier-products/product/:id","C:\Users\debab\Code - Hawkeye\hawkeye-clean\_wt_backend_dev_artifacts_20260223\src\routes\supplierProductRoutes.js","supplierProductRoutes","Confirmed from code"
"GET","/api/supplier-products/product-list","C:\Users\debab\Code - Hawkeye\hawkeye-clean\_wt_backend_dev_artifacts_20260223\src\routes\supplierProductRoutes.js","supplierProductRoutes","Confirmed from code"
"PUT","/api/supplier-products/update-product/:id","C:\Users\debab\Code - Hawkeye\hawkeye-clean\_wt_backend_dev_artifacts_20260223\src\routes\supplierProductRoutes.js","supplierProductRoutes","Confirmed from code"
"POST","/api/supplier-sites/add-site","C:\Users\debab\Code - Hawkeye\hawkeye-clean\_wt_backend_dev_artifacts_20260223\src\routes\supplierSiteRoutes.js","supplierSiteRoutes","Confirmed from code"
"POST","/api/supplier-sites/add-sites","C:\Users\debab\Code - Hawkeye\hawkeye-clean\_wt_backend_dev_artifacts_20260223\src\routes\supplierSiteRoutes.js","supplierSiteRoutes","Confirmed from code"
"DELETE","/api/supplier-sites/delete-site/:id","C:\Users\debab\Code - Hawkeye\hawkeye-clean\_wt_backend_dev_artifacts_20260223\src\routes\supplierSiteRoutes.js","supplierSiteRoutes","Confirmed from code"
"GET","/api/supplier-sites/site/:id","C:\Users\debab\Code - Hawkeye\hawkeye-clean\_wt_backend_dev_artifacts_20260223\src\routes\supplierSiteRoutes.js","supplierSiteRoutes","Confirmed from code"
"GET","/api/supplier-sites/site/:id/products","C:\Users\debab\Code - Hawkeye\hawkeye-clean\_wt_backend_dev_artifacts_20260223\src\routes\supplierSiteRoutes.js","supplierSiteRoutes","Confirmed from code"
"GET","/api/supplier-sites/site-list","C:\Users\debab\Code - Hawkeye\hawkeye-clean\_wt_backend_dev_artifacts_20260223\src\routes\supplierSiteRoutes.js","supplierSiteRoutes","Confirmed from code"
"PUT","/api/supplier-sites/update-site/:id","C:\Users\debab\Code - Hawkeye\hawkeye-clean\_wt_backend_dev_artifacts_20260223\src\routes\supplierSiteRoutes.js","supplierSiteRoutes","Confirmed from code"
"POST","/api/supplier-sites/upload","C:\Users\debab\Code - Hawkeye\hawkeye-clean\_wt_backend_dev_artifacts_20260223\src\routes\supplierSiteRoutes.js","supplierSiteRoutes","Confirmed from code"
"GET","/api/system-settings/llm","C:\Users\debab\Code - Hawkeye\hawkeye-clean\_wt_backend_dev_artifacts_20260223\src\routes\systemSettingsRoutes.js","systemSettingsRoutes","Confirmed from code"
"PUT","/api/system-settings/llm","C:\Users\debab\Code - Hawkeye\hawkeye-clean\_wt_backend_dev_artifacts_20260223\src\routes\systemSettingsRoutes.js","systemSettingsRoutes","Confirmed from code"
"GET","/api/system-settings/preview-mode","C:\Users\debab\Code - Hawkeye\hawkeye-clean\_wt_backend_dev_artifacts_20260223\src\routes\systemSettingsRoutes.js","systemSettingsRoutes","Confirmed from code"
"PUT","/api/system-settings/preview-mode","C:\Users\debab\Code - Hawkeye\hawkeye-clean\_wt_backend_dev_artifacts_20260223\src\routes\systemSettingsRoutes.js","systemSettingsRoutes","Confirmed from code"
"POST","/api/system-settings/preview-mode/run","C:\Users\debab\Code - Hawkeye\hawkeye-clean\_wt_backend_dev_artifacts_20260223\src\routes\systemSettingsRoutes.js","systemSettingsRoutes","Confirmed from code"
"GET","/api/table-variants/","C:\Users\debab\Code - Hawkeye\hawkeye-clean\_wt_backend_dev_artifacts_20260223\src\routes\tableVariantRoutes.js","tableVariantRoutes","Confirmed from code"
"POST","/api/table-variants/","C:\Users\debab\Code - Hawkeye\hawkeye-clean\_wt_backend_dev_artifacts_20260223\src\routes\tableVariantRoutes.js","tableVariantRoutes","Confirmed from code"
"DELETE","/api/table-variants/:id","C:\Users\debab\Code - Hawkeye\hawkeye-clean\_wt_backend_dev_artifacts_20260223\src\routes\tableVariantRoutes.js","tableVariantRoutes","Confirmed from code"
"PUT","/api/table-variants/:id","C:\Users\debab\Code - Hawkeye\hawkeye-clean\_wt_backend_dev_artifacts_20260223\src\routes\tableVariantRoutes.js","tableVariantRoutes","Confirmed from code"
"GET","/api/template-questions/preview/:id","C:\Users\debab\Code - Hawkeye\hawkeye-clean\_wt_backend_dev_artifacts_20260223\src\routes\questionaireRoutes.js","questionaireRoutes","Confirmed from code"
"GET","/api/template-questions/questions/:id","C:\Users\debab\Code - Hawkeye\hawkeye-clean\_wt_backend_dev_artifacts_20260223\src\routes\questionaireRoutes.js","questionaireRoutes","Confirmed from code"
"GET","/api/templates/","C:\Users\debab\Code - Hawkeye\hawkeye-clean\_wt_backend_dev_artifacts_20260223\src\routes\templateRoutes.js","templateRoutes","Confirmed from code"
"POST","/api/templates/","C:\Users\debab\Code - Hawkeye\hawkeye-clean\_wt_backend_dev_artifacts_20260223\src\routes\templateRoutes.js","templateRoutes","Confirmed from code"
"DELETE","/api/templates/:templateId","C:\Users\debab\Code - Hawkeye\hawkeye-clean\_wt_backend_dev_artifacts_20260223\src\routes\templateRoutes.js","templateRoutes","Confirmed from code"
"GET","/api/templates/:templateId","C:\Users\debab\Code - Hawkeye\hawkeye-clean\_wt_backend_dev_artifacts_20260223\src\routes\templateRoutes.js","templateRoutes","Confirmed from code"
"PATCH","/api/templates/:templateId/content","C:\Users\debab\Code - Hawkeye\hawkeye-clean\_wt_backend_dev_artifacts_20260223\src\routes\templateRoutes.js","templateRoutes","Confirmed from code"
"POST","/api/templates/:templateId/extract-from-upload","C:\Users\debab\Code - Hawkeye\hawkeye-clean\_wt_backend_dev_artifacts_20260223\src\routes\templateRoutes.js","templateRoutes","Confirmed from code"
"PATCH","/api/templates/:templateId/formatting","C:\Users\debab\Code - Hawkeye\hawkeye-clean\_wt_backend_dev_artifacts_20260223\src\routes\templateRoutes.js","templateRoutes","Confirmed from code"
"POST","/api/templates/:templateId/publish","C:\Users\debab\Code - Hawkeye\hawkeye-clean\_wt_backend_dev_artifacts_20260223\src\routes\templateRoutes.js","templateRoutes","Confirmed from code"
"GET","/api/templates/:templateId/source","C:\Users\debab\Code - Hawkeye\hawkeye-clean\_wt_backend_dev_artifacts_20260223\src\routes\templateRoutes.js","templateRoutes","Confirmed from code"
"GET","/api/unread-count","C:\Users\debab\Code - Hawkeye\hawkeye-clean\_wt_backend_dev_artifacts_20260223\src\routes\notificationRoutes.js","notificationRoutes","Strong inference from code"
"PUT","/api/update","C:\Users\debab\Code - Hawkeye\hawkeye-clean\_wt_backend_dev_artifacts_20260223\src\routes\supplierUserProfileRoutes.js","supplierUserProfileRoutes","Strong inference from code"
"POST","/api/upload-file","C:\Users\debab\Code - Hawkeye\hawkeye-clean\_wt_backend_dev_artifacts_20260223\src\routes\commonRoutes.js","commonRoutes","Confirmed from code"
"GET","/api/v1/admin/notification-events","C:\Users\debab\Code - Hawkeye\hawkeye-clean\_wt_backend_dev_artifacts_20260223\src\routes\v1\adminGovernanceRoutes.js","adminGovernanceRoutes","Confirmed from code"
"POST","/api/v1/admin/notification-events","C:\Users\debab\Code - Hawkeye\hawkeye-clean\_wt_backend_dev_artifacts_20260223\src\routes\v1\adminGovernanceRoutes.js","adminGovernanceRoutes","Confirmed from code"
"PATCH","/api/v1/admin/notification-events/:id","C:\Users\debab\Code - Hawkeye\hawkeye-clean\_wt_backend_dev_artifacts_20260223\src\routes\v1\adminGovernanceRoutes.js","adminGovernanceRoutes","Confirmed from code"
"GET","/api/v1/admin/notification-policies","C:\Users\debab\Code - Hawkeye\hawkeye-clean\_wt_backend_dev_artifacts_20260223\src\routes\v1\adminGovernanceRoutes.js","adminGovernanceRoutes","Confirmed from code"
"PUT","/api/v1/admin/notification-policies","C:\Users\debab\Code - Hawkeye\hawkeye-clean\_wt_backend_dev_artifacts_20260223\src\routes\v1\adminGovernanceRoutes.js","adminGovernanceRoutes","Confirmed from code"
"GET","/api/v1/user/notification-preferences","C:\Users\debab\Code - Hawkeye\hawkeye-clean\_wt_backend_dev_artifacts_20260223\src\routes\v1\userGovernanceRoutes.js","userGovernanceRoutes","Confirmed from code"
"PUT","/api/v1/user/notification-preferences","C:\Users\debab\Code - Hawkeye\hawkeye-clean\_wt_backend_dev_artifacts_20260223\src\routes\v1\userGovernanceRoutes.js","userGovernanceRoutes","Confirmed from code"
"GET","/api/v1/user/notifications","C:\Users\debab\Code - Hawkeye\hawkeye-clean\_wt_backend_dev_artifacts_20260223\src\routes\v1\userGovernanceRoutes.js","userGovernanceRoutes","Confirmed from code"
"GET","/api/workflow-milestones/definitions","C:\Users\debab\Code - Hawkeye\hawkeye-clean\_wt_backend_dev_artifacts_20260223\src\routes\workflowMilestoneRoutes.js","workflowMilestoneRoutes","Confirmed from code"
"POST","/api/workflow-milestones/definitions","C:\Users\debab\Code - Hawkeye\hawkeye-clean\_wt_backend_dev_artifacts_20260223\src\routes\workflowMilestoneRoutes.js","workflowMilestoneRoutes","Confirmed from code"
"PUT","/api/workflow-milestones/definitions/:id","C:\Users\debab\Code - Hawkeye\hawkeye-clean\_wt_backend_dev_artifacts_20260223\src\routes\workflowMilestoneRoutes.js","workflowMilestoneRoutes","Confirmed from code"
"PATCH","/api/workflow-milestones/definitions/:id/activate","C:\Users\debab\Code - Hawkeye\hawkeye-clean\_wt_backend_dev_artifacts_20260223\src\routes\workflowMilestoneRoutes.js","workflowMilestoneRoutes","Confirmed from code"
"GET","/api/workflow-milestones/sla","C:\Users\debab\Code - Hawkeye\hawkeye-clean\_wt_backend_dev_artifacts_20260223\src\routes\workflowMilestoneRoutes.js","workflowMilestoneRoutes","Confirmed from code"
"PUT","/api/workflow-milestones/sla","C:\Users\debab\Code - Hawkeye\hawkeye-clean\_wt_backend_dev_artifacts_20260223\src\routes\workflowMilestoneRoutes.js","workflowMilestoneRoutes","Confirmed from code"
"GET","/api/workflow-milestones/workflows/:entityType/:entityId/milestones","C:\Users\debab\Code - Hawkeye\hawkeye-clean\_wt_backend_dev_artifacts_20260223\src\routes\workflowMilestoneRoutes.js","workflowMilestoneRoutes","Confirmed from code"
"PATCH","/api/workflow-milestones/workflows/:entityType/:entityId/milestones/:milestoneCode/assign","C:\Users\debab\Code - Hawkeye\hawkeye-clean\_wt_backend_dev_artifacts_20260223\src\routes\workflowMilestoneRoutes.js","workflowMilestoneRoutes","Confirmed from code"
"PATCH","/api/workflow-milestones/workflows/:entityType/:entityId/milestones/:milestoneCode/complete","C:\Users\debab\Code - Hawkeye\hawkeye-clean\_wt_backend_dev_artifacts_20260223\src\routes\workflowMilestoneRoutes.js","workflowMilestoneRoutes","Confirmed from code"
"PATCH","/api/workflow-milestones/workflows/:entityType/:entityId/milestones/:milestoneCode/expectedAt","C:\Users\debab\Code - Hawkeye\hawkeye-clean\_wt_backend_dev_artifacts_20260223\src\routes\workflowMilestoneRoutes.js","workflowMilestoneRoutes","Confirmed from code"
"PATCH","/api/workflow-milestones/workflows/:entityType/:entityId/milestones/:milestoneCode/start","C:\Users\debab\Code - Hawkeye\hawkeye-clean\_wt_backend_dev_artifacts_20260223\src\routes\workflowMilestoneRoutes.js","workflowMilestoneRoutes","Confirmed from code"
